window,scenario,greedy_nominal_lfr,greedy_nominal_stockout,greedy_nominal_time,greedy_nominal_n_listed,dp_nominal_lfr,dp_nominal_stockout,dp_nominal_time,dp_nominal_n_listed,cpsat_nominal_lfr,cpsat_nominal_stockout,cpsat_nominal_time,cpsat_nominal_n_listed,greedy_robust_lfr,greedy_robust_stockout,greedy_robust_time,greedy_robust_n_listed,dp_robust_lfr,dp_robust_stockout,dp_robust_time,dp_robust_n_listed,cpsat_robust_lfr,cpsat_robust_stockout,cpsat_robust_time,cpsat_robust_n_listed
0,baseline,0.20386034543668854,0.8141861347752528,0.0005590915679931641,47,0.2244744250937022,0.7954650313537307,17.16977572441101,59,0.21660054798994616,0.8075113424460139,0.21338200569152832,55,0.17521086370146868,0.8128409215351384,0.001165151596069336,43,0.20543214503164228,0.7970556899190713,17.15548801422119,51,0.19819118986523437,0.8061026051271508,0.44390296936035156,49
1,baseline,0.20138018212619557,0.8125699335459677,0.0003612041473388672,46,0.228971834643083,0.7982474835563761,17.636841773986816,54,0.22301498956003626,0.8100443272180778,0.10226798057556152,52,0.19054698134515693,0.814795926498458,0.00039076805114746094,42,0.21720039949102146,0.7899406717496599,16.61222505569458,51,0.2113993375465972,0.8022584951957085,0.10657000541687012,49
2,baseline,0.1826766482177834,0.8126546134529989,0.0003497600555419922,46,0.20500547088178148,0.8004357198029652,17.045243740081787,54,0.18783976584532447,0.8041223176427859,0.11455106735229492,52,0.17161334329423034,0.8165536930743643,0.0004260540008544922,43,0.18567690715241952,0.7973292701502613,16.408841133117676,50,0.1812730446747399,0.8081661003913849,0.41097187995910645,48
3,baseline,0.17665079485719645,0.8245628742463063,0.0004119873046875,46,0.18834732852255298,0.8073162983404478,16.93414878845215,56,0.18233201565179002,0.8207897395663798,0.20923805236816406,53,0.16240670415595337,0.8211395823132303,0.0004420280456542969,43,0.179603741682734,0.8064980594688137,16.57914710044861,51,0.17166938098753717,0.8154481586421969,0.18401193618774414,48
4,baseline,0.20516526040175284,0.8300031111899325,0.00036406517028808594,45,0.21749125013246484,0.8084516443353488,17.162017822265625,54,0.20345439629691733,0.8178436368345426,0.13162803649902344,51,0.18746075184299288,0.8233437201592069,0.0004291534423828125,43,0.20142945530904569,0.804671363234979,16.893359184265137,51,0.19448491732812118,0.8152804474336682,0.19360733032226562,48
5,baseline,0.20925911476405026,0.8114599842689049,0.0004169940948486328,44,0.21810183871251576,0.7826394076594703,17.234176874160767,54,0.2067413291981297,0.793367191263144,0.3052842617034912,51,0.19108785332735975,0.8096167835322369,0.00036597251892089844,42,0.20507375803659217,0.7847635210953042,16.886897802352905,50,0.19570125790879997,0.7927638222184136,0.09382510185241699,48
6,baseline,0.1704139211553793,0.8207768105368577,0.0004200935363769531,45,0.1810210086054651,0.7986277569049323,16.89786195755005,55,0.17463193504437782,0.8107473026798229,0.16003203392028809,51,0.15604354010071816,0.821757016863871,0.00036907196044921875,42,0.17122816518248882,0.7994394092561243,17.005292892456055,51,0.16571440319070474,0.8102770828144884,0.1495509147644043,48
7,baseline,0.1908221749273993,0.8243744675024745,0.0003650188446044922,45,0.2122241946430967,0.7975680316188793,17.176099061965942,57,0.2042348094601262,0.8122911923946888,0.2527430057525635,52,0.178696846119356,0.8232820636879059,0.00045800209045410156,42,0.20338150215639222,0.8075142667180905,16.93122100830078,51,0.19776065591149528,0.8124020264395184,0.21158504486083984,49
8,baseline,0.15343569477065866,0.8193071061698254,0.0004138946533203125,45,0.1718162619343684,0.7860764076077131,17.145478010177612,55,0.16590319930383102,0.8083124989818653,0.17743206024169922,50,0.14326852077542954,0.818055612509192,0.0004611015319824219,42,0.16135711056175506,0.7896373858453626,17.11261510848999,51,0.15740027836037115,0.8035558453680293,0.11246705055236816,48
9,baseline,0.2041335768020279,0.8270236088581173,0.0003731250762939453,45,0.22256053244854998,0.8055819212063478,17.326723098754883,55,0.21332827604907398,0.8230673605603571,0.10583114624023438,50,0.18711220972917533,0.8242935599850267,0.0004642009735107422,41,0.2027659899538056,0.8003626723153411,16.79671287536621,51,0.19879540714690108,0.8119269629880687,0.6326026916503906,48
10,baseline,0.18039230730651576,0.819486539447606,0.00044417381286621094,46,0.1983806634769965,0.7989687386458618,17.032328128814697,56,0.1932759966442415,0.8176343221004223,0.1832730770111084,51,0.16605666361212634,0.8198075076530116,0.0004737377166748047,42,0.18353618413323608,0.7969343643559285,16.757300853729248,52,0.17555148677331658,0.8099463485558622,0.11199831962585449,47
11,baseline,0.17975359115291767,0.8288822775073189,0.0003750324249267578,45,0.1943621949164127,0.8116600059414577,17.35795307159424,55,0.18638169383654193,0.8200966096341042,0.7974221706390381,52,0.17192680806094826,0.8307327876761625,0.00044274330139160156,41,0.18374272931736266,0.8049852953646276,17.023617029190063,51,0.17445015045675552,0.8169234344527975,0.17192506790161133,48
12,baseline,0.16974711698234385,0.826807536739792,0.0003781318664550781,44,0.19079161758454274,0.8037534275200511,17.365315198898315,57,0.17897017662345677,0.811087414047669,0.13361716270446777,53,0.15282074498227705,0.8284243763124498,0.0004038810729980469,40,0.17406708197692114,0.8022119026846167,16.702680826187134,51,0.16540538248987985,0.814559395684818,0.2937891483306885,47
13,baseline,0.17295724426338768,0.8192285150681928,0.0004000663757324219,45,0.1933114425746348,0.7922486000695536,16.881057024002075,58,0.18436182764501777,0.8064265144822881,0.33579492568969727,53,0.1581255887186563,0.8217254328725336,0.00048804283142089844,41,0.17799885684339473,0.7949841676960411,16.76194477081299,52,0.17223285090794402,0.8089572079859318,0.1152501106262207,48
14,baseline,0.20112662368528547,0.8175499166809235,0.0004589557647705078,45,0.22320420430180807,0.7830423505306124,16.974220991134644,57,0.21601203529354512,0.8004299297663005,0.1855607032775879,54,0.17835791171401533,0.8208204990066839,0.00043702125549316406,41,0.20401228046783526,0.7944451476714304,16.752424955368042,51,0.19802363127963352,0.8042438146432331,0.4008197784423828,49
15,baseline,0.1639900131051537,0.8126401668407194,0.0004527568817138672,46,0.18303473211323726,0.786433840952419,16.871585845947266,57,0.17300593415075044,0.7962740803281991,0.27550578117370605,54,0.1448809492857518,0.81861120204258,0.0003788471221923828,41,0.16571896882805578,0.7894557772082784,16.669798851013184,52,0.158872287277601,0.8010770638423631,0.3641781806945801,49
16,baseline,0.1806422571090027,0.8188819409084789,0.0003838539123535156,45,0.19551355753264418,0.7814834277196855,17.084537267684937,57,0.18944245355733655,0.7951230435703693,0.19866013526916504,54,0.16536576862457705,0.825201829701939,0.0004899501800537109,41,0.1872492670164932,0.7946695940908823,16.71124505996704,52,0.1769058136786108,0.8039074384983005,0.45744991302490234,49
17,baseline,0.1699063741391345,0.8065901568376402,0.000431060791015625,46,0.18379528868447667,0.765753735653582,16.792383909225464,58,0.176851838712486,0.781804123617073,0.22727704048156738,54,0.15571058829148657,0.8154293187130134,0.0005168914794921875,42,0.17251605879242052,0.7786848653588457,16.34196972846985,53,0.16878461907844933,0.7937274304166861,0.13777375221252441,49
18,baseline,0.19363527267747221,0.8118384284379683,0.0004191398620605469,46,0.21498535228636026,0.7804249412789549,16.788148403167725,58,0.2030522333608057,0.7874496309384555,0.10692691802978516,55,0.17523777977319985,0.8105703132239832,0.0003910064697265625,43,0.19273452876095828,0.7831185289556033,16.40749192237854,52,0.18279658264330406,0.7892498178119888,0.19307804107666016,50
19,baseline,0.1898161288674007,0.8104065618497593,0.0003559589385986328,47,0.21611174564919172,0.792120866149046,16.951366901397705,57,0.20594684846371666,0.8074331171198614,0.10732412338256836,53,0.1619836385617441,0.8099466812673738,0.0003750324249267578,42,0.20008810448264625,0.7944775010034623,16.562191247940063,52,0.1910338106067161,0.8007000344005688,0.2069261074066162,50
20,baseline,0.16702545782301229,0.8283191982272503,0.00037479400634765625,47,0.17794959438561903,0.7925909014348745,16.89587903022766,60,0.17196037840074477,0.808716774868079,0.2014009952545166,55,0.15508477604424942,0.8300092177692838,0.00037288665771484375,43,0.16860116007200113,0.7998565994632868,16.460325002670288,53,0.16026160067154033,0.815386616370921,0.2541351318359375,49
21,baseline,0.21205927424373422,0.815791004504582,0.000392913818359375,46,0.23967226789886018,0.7923214773976364,16.720869779586792,57,0.23238715085126266,0.7996088157879272,0.14839386940002441,55,0.19754675449849482,0.8203561985303749,0.0003681182861328125,42,0.2181193049142712,0.7896675693930227,16.340548992156982,52,0.20934771593717805,0.7982855990310411,1.0649263858795166,50
22,baseline,0.1986389974811092,0.7838874911655036,0.00035309791564941406,49,0.21798220807381247,0.7600670277765843,16.7848801612854,58,0.21703058553757676,0.7654544614894025,0.29422903060913086,56,0.178365362831016,0.7994093525171374,0.0003840923309326172,44,0.20545563449483806,0.7606447197376641,16.662853002548218,54,0.19833334504265268,0.7742102413580179,0.21967005729675293,51
23,baseline,0.18651653129337079,0.7899017310254492,0.0004069805145263672,50,0.21262905310438598,0.7587362307958719,17.053151845932007,60,0.20703360341324786,0.7756175335181336,0.29097914695739746,57,0.16240700391375146,0.8016800660279532,0.0004532337188720703,44,0.18733056729894365,0.7654959055468724,16.958963871002197,55,0.18047722028143287,0.7801835193162836,0.1094059944152832,51
24,baseline,0.20640947963531842,0.7897314165532983,0.0003719329833984375,50,0.2321579450874908,0.7683028480603348,17.32363796234131,60,0.22307861344596214,0.776417080211828,0.20414209365844727,58,0.18416526076750234,0.8015115382366221,0.0004138946533203125,45,0.2121156898763996,0.7634335802762895,16.923269033432007,56,0.19898246803365907,0.7790067172507966,0.13453388214111328,52
25,baseline,0.19414807643774934,0.8059202498382902,0.0003380775451660156,51,0.2192443446573955,0.7859035378062862,17.16171407699585,62,0.2093347443079751,0.7968842936560955,0.20176386833190918,57,0.16872705325217308,0.8038411107884322,0.00045680999755859375,46,0.19898838380761052,0.7825972111473106,16.83251690864563,56,0.19101934832153003,0.7907865958871275,0.08890485763549805,53
26,baseline,0.18980038096970964,0.8116572151041623,0.00037097930908203125,50,0.21663596599159776,0.7925146823790257,17.202704906463623,62,0.2044958677262694,0.7981113549006525,0.24197602272033691,59,0.17084538489953255,0.8063522889299547,0.00038504600524902344,46,0.19879394571696127,0.777449268591026,16.957170009613037,58,0.18465210312473135,0.7885777983411973,0.09638190269470215,54
27,baseline,0.19591117985254322,0.7979150184555478,0.00032830238342285156,49,0.23141127652878815,0.7714526227545636,17.026468992233276,62,0.2150911416232076,0.7861576725666197,0.4245777130126953,57,0.19163304009328935,0.8016176502241273,0.0004589557647705078,46,0.22069908510995914,0.7701152578026788,16.54725193977356,57,0.20519971167043427,0.7794127851890839,0.2697422504425049,54
28,baseline,0.16404039067028167,0.8081195616773107,0.00037097930908203125,51,0.18680037099084956,0.7911619507695349,16.993957996368408,62,0.17369710609135033,0.7987993970222474,0.19221210479736328,59,0.14825389646652176,0.8108917334062571,0.00045108795166015625,45,0.16665282920477165,0.7814810154109106,16.961736917495728,57,0.1593669308792089,0.7858528045806947,0.3724219799041748,55
29,baseline,0.18650924543338734,0.8205521203941387,0.0003609657287597656,49,0.20374310639743853,0.7959569967832235,17.302008152008057,63,0.19281301399567113,0.8080234039946635,0.10073018074035645,57,0.16866209448349234,0.8142505559997673,0.0003619194030761719,45,0.1900176250188107,0.7879138327774059,16.956244945526123,58,0.18281939644925083,0.8000994894705115,0.14885616302490234,54
30,baseline,0.16759354953071395,0.8756089266716942,0.0003910064697265625,48,0.17979701652695565,0.8681353413757269,17.031673192977905,60,0.1704220206681587,0.8777333128908029,0.3654327392578125,56,0.16047241078275237,0.8626396582149114,0.0004780292510986328,45,0.17229220320577066,0.8555919871972312,16.643836975097656,56,0.16558455769733096,0.86331815326251,0.1847848892211914,53
31,baseline,0.16766386798792987,0.8161947189911843,0.000431060791015625,46,0.1981069142444036,0.7942608200877815,17.111229181289673,58,0.1816527360991907,0.8050462771646006,0.26090216636657715,54,0.15926283861723833,0.815146830426035,0.00047326087951660156,43,0.17681527335166797,0.7967401629025607,17.094927310943604,50,0.1713707734281584,0.8031534790167139,0.2541360855102539,49
32,baseline,0.1429881084423545,0.833586625048838,0.00043702125549316406,45,0.16256989990981252,0.8064374928094259,17.36220407485962,58,0.1571144741306157,0.8223369163456979,0.11739587783813477,55,0.1441014208498934,0.8355919240320463,0.00040793418884277344,42,0.15248462003390656,0.8162189248032654,17.06937885284424,50,0.14536997860308568,0.823667126156762,0.3370969295501709,48
33,baseline,0.1885073851822943,0.8258705866465617,0.0004322528839111328,45,0.2102434828662936,0.8039019229415879,17.330878019332886,57,0.1967095591441929,0.812546370151854,0.11363720893859863,53,0.17918539232539776,0.8265677616483813,0.00046181678771972656,42,0.1963304276698858,0.805550657981439,16.926560878753662,51,0.18613921457449767,0.8147293833885808,0.19646620750427246,48
34,baseline,0.159271780080393,0.8282328465320714,0.0003840923309326172,44,0.1727990811455924,0.805276649884228,17.4438898563385,56,0.16509602936213402,0.812703761321812,0.09999299049377441,53,0.14469187529202046,0.8247030394897317,0.00047588348388671875,42,0.1583203594686262,0.808078582108504,16.8974449634552,50,0.15219242064075159,0.8109553075270242,0.14917802810668945,49
35,baseline,0.1692262494138405,0.8155065655711985,0.00035691261291503906,45,0.18680002977640245,0.7886499996414128,17.202439785003662,56,0.17951381844828268,0.7973560237230128,0.15674710273742676,53,0.16090322356443762,0.8240725222417795,0.0004169940948486328,41,0.16966171895079282,0.7945425900656788,16.80817198753357,50,0.16082687936917608,0.7988948390747349,0.17411494255065918,48
36,baseline,0.19223903561694414,0.8114975106740634,0.0004563331604003906,45,0.20620222443259148,0.7890628529009845,16.994590282440186,54,0.19736341647803515,0.7958404340894478,0.09138917922973633,52,0.1672502728963868,0.8114089428786392,0.0004107952117919922,42,0.18942928324096484,0.786504121838273,16.85991597175598,51,0.178363539494878,0.7947673580129961,0.10234808921813965,48
37,baseline,0.18376723155644867,0.8276210501215551,0.0003800392150878906,44,0.19909949768439816,0.8073459141556313,17.236559867858887,55,0.18955666729668985,0.8159644238372001,0.11889791488647461,52,0.17425925083275257,0.8287160520602047,0.00045418739318847656,41,0.1849055497431686,0.8061557413049085,16.79604721069336,50,0.1790859524482589,0.8160962466629439,0.3032357692718506,48
38,baseline,0.19096209368257622,0.8316273481468098,0.0003619194030761719,45,0.20641778272242958,0.8118894228101623,17.234195232391357,54,0.20113204603948268,0.8233967799129335,0.10184717178344727,52,0.1791390191125302,0.834110489359306,0.0004899501800537109,41,0.19368525695615796,0.8109140085665142,16.86685609817505,50,0.18804070053460864,0.8232112876501577,0.09551000595092773,47
39,baseline,0.1840926790312254,0.817537206851853,0.0004050731658935547,45,0.2064355344958904,0.7982999691673338,17.34809708595276,55,0.19848206998994372,0.8123034136820888,0.10188865661621094,52,0.16981387015547802,0.8200414572122615,0.00048279762268066406,42,0.19600755295327008,0.7946028718553925,16.95485210418701,51,0.18368173346154984,0.801712613705195,0.16080999374389648,49
40,baseline,0.18329636976107688,0.8192235056630193,0.0004470348358154297,45,0.20378441891450522,0.8022395636998554,17.336621046066284,55,0.19505375517977333,0.8128189244288153,0.18451976776123047,52,0.1670600085981221,0.8245918150107666,0.0003991127014160156,41,0.1903019695432893,0.7958518518834876,17.103224992752075,51,0.1807430582165335,0.8060815332177061,0.3552279472351074,48
41,baseline,0.17607775439315962,0.845316624252186,0.00044798851013183594,44,0.19448436408255487,0.825944860647898,17.232362985610962,56,0.184098887179554,0.8383618554743211,0.11065077781677246,52,0.16414519781582634,0.8466083192334605,0.0004010200500488281,41,0.1846785310227549,0.8262069405467298,17.122337102890015,50,0.17470169505554467,0.8351384482829748,0.19153118133544922,47
42,baseline,0.16862702370569285,0.8590488638918786,0.0003750324249267578,44,0.17791519856324028,0.8398491983336079,17.38145112991333,55,0.16936361636510755,0.8467174009024933,0.12342000007629395,52,0.15138960832059437,0.8559446863120264,0.00038504600524902344,40,0.1662755992755843,0.8418196549235517,17.007480144500732,49,0.1575512237098603,0.8478996202801777,0.18222379684448242,46
43,baseline,0.1931600594506331,0.8426930772289881,0.0003559589385986328,45,0.2162583653355469,0.8278568004147354,17.296555995941162,54,0.20390802015003487,0.8359300617061004,0.35055065155029297,51,0.18355330751783694,0.8440083655244177,0.0003750324249267578,40,0.20393923702594896,0.8248990670160068,17.004581689834595,49,0.1920627654378589,0.8336237782798764,0.09450125694274902,46
44,baseline,0.25042613232999944,0.8257957423452814,0.0003509521484375,43,0.26833604252139104,0.7929307476193119,17.263341188430786,54,0.26400426288502177,0.8042116500848517,0.25015687942504883,51,0.24165544642688305,0.8304183435288889,0.0003781318664550781,40,0.2559958559700604,0.8027499367415041,16.741723775863647,49,0.2423873099247935,0.8180027876161365,0.13154888153076172,45
0,high_volatility,0.21342717628951707,0.8625979587410455,0.000263214111328125,37,0.2346708403342607,0.8432967039178558,17.602769136428833,45,0.22401951758326802,0.8508260609305123,0.09380888938903809,42,0.1850357697728575,0.8620840080885279,0.00030803680419921875,34,0.20194105408288987,0.8449535400583081,17.20529794692993,40,0.19672278465830106,0.8519865339688153,0.12493276596069336,38
1,high_volatility,0.20791776513175905,0.8554936255438199,0.0002827644348144531,36,0.2259035857017603,0.835924563126979,17.52066469192505,43,0.21869019166988318,0.8462426136393063,0.11259102821350098,40,0.18849049475863527,0.8586681859869452,0.00038504600524902344,34,0.19973152187379906,0.8369176338018608,17.036524057388306,40,0.19457805828839686,0.8438066569450323,0.14759016036987305,38
2,high_volatility,0.19633447587497468,0.8587327628597587,0.00028204917907714844,37,0.21162002337256366,0.8442427041168007,17.465162992477417,42,0.20626053911687114,0.8475855274578171,0.10913801193237305,41,0.16894468464586107,0.86087008918267,0.0004010200500488281,34,0.18371822923651562,0.8418868357105975,16.951061010360718,39,0.17994023342978901,0.8475685424934604,0.173325777053833,38
3,high_volatility,0.17199716597049203,0.8662892096222263,0.0002808570861816406,37,0.184946630590162,0.8507528670758768,17.440902948379517,44,0.17807702616623755,0.8590739456950449,0.24361896514892578,41,0.15015250508260777,0.861916950831023,0.0003991127014160156,35,0.16325014319779546,0.8457640419659258,17.243500232696533,41,0.1577090138945565,0.8493747996592017,0.0922691822052002,40
4,high_volatility,0.20647196772452067,0.8600560587860768,0.0002818107604980469,37,0.22175206403408296,0.8421504955326279,17.327617168426514,43,0.2103842566912631,0.8467809787520147,0.08852100372314453,42,0.17817484015217722,0.8537151507412402,0.0003180503845214844,36,0.19602857850298777,0.8379000664828914,17.042240858078003,41,0.19001361685668278,0.8410867892270468,0.12673187255859375,40
5,high_volatility,0.20921217657412877,0.8474762525097863,0.000286102294921875,37,0.21709367532373472,0.8252673037289985,17.396876096725464,44,0.2086165996116311,0.8324166688454154,0.09069585800170898,42,0.18638293287601207,0.8454972873423537,0.0003173351287841797,36,0.21164430369276424,0.8315328401573594,17.133677005767822,41,0.20192273141382147,0.834635144125772,0.10799598693847656,40
6,high_volatility,0.16613552612500682,0.857464825655973,0.0003514289855957031,38,0.17621134447020104,0.8396395507109012,17.384573221206665,44,0.16849497753423945,0.842288318983119,0.4398970603942871,43,0.15657767604440534,0.8586697304300219,0.00032591819763183594,36,0.16600505503023094,0.8376065383150736,16.599243879318237,42,0.16274210792220078,0.8420603976070369,0.12783312797546387,41
7,high_volatility,0.2008420941578861,0.8587869134267713,0.0002808570861816406,37,0.21418104465561236,0.8393229324182566,17.075246810913086,44,0.20565155936177323,0.8467726788338859,0.14715194702148438,42,0.177670223058429,0.860019603918073,0.00034809112548828125,35,0.19990836300403417,0.83814123997794,16.837605237960815,43,0.19152129030912382,0.846639933322736,0.07005095481872559,40
8,high_volatility,0.1666898079166487,0.8553365038794218,0.00035500526428222656,37,0.18077277577177078,0.8284689460292886,17.155317306518555,46,0.1748707284285532,0.8376886776033549,0.12107992172241211,44,0.15466479864709212,0.8596142770452312,0.0003108978271484375,35,0.16799359791683463,0.8368365274824258,16.873631954193115,42,0.16556943192329215,0.8447971432629289,0.21822285652160645,40
9,high_volatility,0.19355220322499575,0.8521057772177643,0.0002899169921875,37,0.20561557806121272,0.8324546433240626,17.169190883636475,44,0.1975168372670317,0.8437065318079248,0.258425235748291,41,0.17417484770930353,0.853106340459402,0.00036406517028808594,35,0.20244248502176765,0.8366158476075395,16.75583791732788,42,0.1867974137517359,0.8394531308093307,0.09672212600708008,40
10,high_volatility,0.18229259505998738,0.8545279280547234,0.00035500526428222656,38,0.2013347523331151,0.838675381966232,17.085477828979492,45,0.19516904760732373,0.8474184666172563,0.1381547451019287,43,0.17117871795703507,0.860177346235008,0.00046181678771972656,35,0.18998938326977635,0.841966748882274,16.587371110916138,42,0.18569965297210614,0.8496000818951983,0.11397099494934082,40
11,high_volatility,0.18164182223679085,0.868474232324614,0.0008530616760253906,37,0.19855479288498823,0.8486172512623098,17.0366690158844,45,0.1895448083459769,0.8521714593043471,0.34946703910827637,44,0.16795221844641273,0.8650979810883185,0.00034165382385253906,35,0.18092213212857566,0.8444498814404724,16.8183491230011,42,0.1769517197233655,0.854075956830662,0.12134909629821777,40
12,high_volatility,0.17394838214598127,0.866449593855486,0.00030493736267089844,37,0.1899434313834719,0.8459223926657742,17.1227548122406,45,0.1806854863790205,0.8519387255149381,0.11366510391235352,43,0.15596024711495068,0.8651452359967833,0.0003681182861328125,35,0.17172537278662087,0.8470567638084344,16.6313898563385,41,0.16179992010982008,0.8514274023528732,0.12497687339782715,39
13,high_volatility,0.17456013254892508,0.859415467476644,0.0003731250762939453,36,0.1876720279743857,0.8341452179026014,17.035164833068848,45,0.1857240233038029,0.838920345990711,0.2599921226501465,44,0.1559179194651156,0.8609287721442956,0.0003457069396972656,34,0.17213718013596832,0.8409707517604835,16.767067909240723,40,0.16685820363078757,0.8457910448034687,0.10369205474853516,39
14,high_volatility,0.19947369438494925,0.8544150221662145,0.0003101825714111328,36,0.21961411296167213,0.8260826441512674,16.932125091552734,45,0.2107581605021964,0.8332939547087267,0.09594106674194336,43,0.18941433827709453,0.8596860112781803,0.0004181861877441406,34,0.2082040124842832,0.8358188701655139,16.677618741989136,41,0.19921683529555018,0.8479392053640339,0.07918524742126465,38
15,high_volatility,0.17131910212601048,0.8542965988949747,0.0003452301025390625,36,0.18159579403430104,0.8261686543253223,17.019402027130127,45,0.17586303792160193,0.832505996436559,0.0962519645690918,43,0.15678623097820304,0.8589572918836044,0.0003287792205810547,34,0.1698800779141932,0.8341023903174262,16.73739790916443,41,0.15987214009889897,0.8404587511878812,0.16097092628479004,39
16,high_volatility,0.17309883508865304,0.8459725341207779,0.00031304359436035156,37,0.19437508154389677,0.8153815941788298,16.938058137893677,46,0.186242889482464,0.8267731463255746,0.3229482173919678,43,0.15824891183669795,0.8571902017672247,0.00040411949157714844,34,0.18267417616092727,0.8302019162627464,16.706927061080933,41,0.16812332876262706,0.8358651466385212,0.11772608757019043,39
17,high_volatility,0.16471854453603132,0.8401775677701478,0.0003960132598876953,38,0.18768151104474307,0.8133515705947425,17.02290987968445,46,0.17887031328951108,0.8209369494896744,0.13426923751831055,44,0.14900481308567967,0.8506726015111095,0.00033473968505859375,34,0.16502444431021004,0.8221844917060153,16.67480778694153,41,0.1583522322202246,0.829817293221432,0.10492992401123047,39
18,high_volatility,0.20621854234290343,0.853670240541834,0.00032401084899902344,37,0.22726207410512206,0.830290006190213,16.944098949432373,45,0.2209988993147489,0.8395332040650237,0.08733487129211426,43,0.18259785690741134,0.8627145175326163,0.0003960132598876953,33,0.1997874392472274,0.8330095183112967,16.77080512046814,41,0.19326488744891399,0.8411611511698137,0.08877801895141602,39
19,high_volatility,0.18395868286398348,0.8488754172658637,0.0003490447998046875,38,0.19859237928702198,0.8229399901648992,17.05024480819702,46,0.19597338987167853,0.8363221798909468,0.25037503242492676,43,0.16266337581954426,0.8570910930902036,0.00037407875061035156,34,0.18191055203797907,0.8295470360633065,16.748172998428345,42,0.17600647561549143,0.8402596454924788,0.12717795372009277,39
20,high_volatility,0.158219252241697,0.8636260848766132,0.0003349781036376953,37,0.1703143613304666,0.8348819552420055,17.025794982910156,46,0.16386419305218383,0.8444080223930948,0.19179701805114746,43,0.1431537353682965,0.8680104848434731,0.00036716461181640625,34,0.15655011457744356,0.8404125844166779,16.835758924484253,42,0.14889406160601437,0.8476579319784885,0.1793358325958252,40
21,high_volatility,0.22779626073517212,0.8540688126860045,0.0003750324249267578,38,0.24553044704280316,0.8317372106968145,17.144263982772827,46,0.23675029029187197,0.8414643943373064,0.1495349407196045,43,0.20416995396680931,0.8628761548644225,0.0004012584686279297,34,0.21989145021994305,0.8338847709559508,16.74386501312256,42,0.21221709269164848,0.8450280656833207,0.09619307518005371,39
22,high_volatility,0.20294378689645742,0.8310102649197273,0.0002989768981933594,39,0.22461632056538397,0.8092031615815916,16.982054948806763,46,0.2164531438976274,0.8192497623862471,0.14693093299865723,43,0.1749332758532625,0.8423620994099585,0.0003669261932373047,35,0.1981310487823249,0.815357357722426,16.80066990852356,42,0.19054471807142226,0.8231586077595135,0.10204815864562988,40
23,high_volatility,0.1859959681717485,0.8399320383176254,0.0002982616424560547,39,0.2087037960728131,0.8129661486810417,17.273131847381592,47,0.19942794822588997,0.8235085459784354,0.1593160629272461,44,0.1687122446607708,0.8437964238276164,0.0003159046173095703,36,0.18620149521820137,0.8168638751076199,16.783618927001953,43,0.18228331934832193,0.8274263281774046,0.19013500213623047,41
24,high_volatility,0.21340138010800389,0.8390501934123616,0.000308990478515625,40,0.22479321619525258,0.8172607600125752,17.14674687385559,48,0.21411599981145715,0.827294651350216,0.13173699378967285,45,0.19338618074816905,0.8488237373772596,0.0003838539123535156,36,0.20376761799102652,0.8269045251423478,16.930588960647583,43,0.1939756065259545,0.8361708493520809,0.1397099494934082,40
25,high_volatility,0.20209024677150977,0.8555063922458455,0.0003070831298828125,39,0.21529757279717598,0.8307940809787903,17.155495166778564,47,0.21023145612050204,0.840052974641282,0.13146090507507324,45,0.17846231352523723,0.8609748538127293,0.0003361701965332031,35,0.19418954290654036,0.8360637061965396,16.92837619781494,43,0.18994529518132847,0.848880114886398,0.19677519798278809,40
26,high_volatility,0.20148334113647734,0.8543885012637757,0.0002741813659667969,39,0.2118976980681003,0.8262748358996401,17.21385407447815,48,0.20437903901180748,0.8428086933742805,0.11520195007324219,44,0.18259514842844884,0.8584967483754978,0.0003497600555419922,36,0.19295747607619346,0.8337478960166865,16.846550941467285,43,0.18854048334574,0.8416221359300772,0.10425925254821777,41
27,high_volatility,0.211181443830975,0.8353226546817172,0.0003230571746826172,39,0.23987597418140483,0.8188000438201439,17.091978073120117,46,0.22743067981656312,0.8256888000432261,0.1280069351196289,44,0.19260640694301487,0.8442323769407907,0.0003719329833984375,36,0.21096887246331658,0.8228170034482497,17.00454020500183,43,0.20559104242779713,0.8283278136878015,0.12266898155212402,41
28,high_volatility,0.16866607307311618,0.8513616673954907,0.00028705596923828125,39,0.18123885777120657,0.8272570131260321,17.326040983200073,48,0.1769767669443038,0.8401606471205944,0.1416459083557129,45,0.1522097431092933,0.8548680041495796,0.00039315223693847656,36,0.16839847109480716,0.8335730087049567,16.941911220550537,44,0.16010649150720088,0.8377514129131569,0.12633514404296875,42
29,high_volatility,0.1894393677745746,0.853140721173882,0.0002849102020263672,40,0.1986660014203944,0.8336528345039714,17.131463289260864,47,0.19442352075449187,0.8425262068240396,0.12450480461120605,46,0.1681789763828333,0.8480728165095376,0.00039696693420410156,38,0.17741677482232657,0.83266305666068,16.903489112854004,44,0.17024527475619408,0.8393184296174738,0.16806983947753906,42
30,high_volatility,0.16418418309293056,0.8737458514979362,0.00035190582275390625,41,0.17164338412770525,0.860655634137199,17.21868586540222,48,0.16742517299731452,0.8700648226607478,0.12626290321350098,45,0.15848432612091684,0.8763122667767995,0.0003211498260498047,38,0.16609114475750278,0.8642961684698313,16.93035125732422,45,0.1591463680997924,0.8676413315549862,0.09258770942687988,43
31,high_volatility,0.18855265151436026,0.8535870891462807,0.0002880096435546875,39,0.2009095898919258,0.8358490975220303,17.17965316772461,46,0.1924882405630393,0.8420737452499134,0.3033301830291748,44,0.16911325381875247,0.8610086562656731,0.0003833770751953125,35,0.18713876720237368,0.8418603529783933,16.624680757522583,41,0.18328137491796762,0.848807872869707,0.12457585334777832,40
32,high_volatility,0.15948138093737968,0.8664740979382428,0.00030803680419921875,38,0.1726607526542216,0.8517185194102361,17.132281064987183,45,0.16771627775860815,0.858849288936208,0.1321401596069336,43,0.14207149941431144,0.8681369839068056,0.0003981590270996094,34,0.15996604382230278,0.8509132549964298,16.637683868408203,41,0.15556033708542585,0.8593006602156897,0.29286885261535645,39
33,high_volatility,0.19320390001269316,0.862845540960524,0.00033164024353027344,37,0.20607410329961193,0.8400331397079313,17.02812886238098,45,0.19885451112177116,0.8502621825543463,0.12689924240112305,42,0.17499933379009336,0.8674457823938656,0.0004010200500488281,34,0.19226152053871193,0.8500328482569767,16.703174114227295,40,0.18214757264591197,0.8523925358505519,0.1400589942932129,39
34,high_volatility,0.14758836770866277,0.853294957709589,0.00030112266540527344,37,0.16433321247263438,0.8358065866764471,17.14641833305359,44,0.16061967683019276,0.8426170124809778,0.11446714401245117,42,0.1361227851723209,0.8609277810460394,0.00041794776916503906,34,0.15046527862216869,0.8404122704301923,16.712061882019043,40,0.14439528292519888,0.8443559686002244,0.12853384017944336,39
35,high_volatility,0.15813632840838643,0.8465976631768148,0.0003600120544433594,37,0.179915508376277,0.82681380940894,17.037076950073242,44,0.17467812715418177,0.8299792710190903,0.45792317390441895,43,0.13818050202192309,0.8594504776416525,0.0003769397735595703,33,0.15612482326889976,0.8321468537106904,16.697509050369263,40,0.14997243037630897,0.8406293641838251,0.21746492385864258,38
36,high_volatility,0.17657574755751967,0.8462434213251363,0.00032901763916015625,36,0.1992373419858653,0.822501988897375,16.93140482902527,44,0.19001553555958162,0.8255560141044804,0.3594179153442383,43,0.15668410703441424,0.8493266446638924,0.0003788471221923828,34,0.17709681908300282,0.8293818742855056,16.64169406890869,40,0.17077306738579096,0.8378249464732797,0.27406811714172363,38
37,high_volatility,0.1817940445333041,0.8598295658308441,0.0003592967987060547,37,0.2049201088508561,0.8426392769320007,16.990347862243652,44,0.19570562602824212,0.8479925563038022,0.1071021556854248,42,0.15937469250285696,0.8615107907137347,0.00041294097900390625,34,0.18164673259015768,0.8441858771337715,16.764360904693604,40,0.17165299921997776,0.8496067712371318,0.3370399475097656,38
38,high_volatility,0.1817459439248417,0.8563114142449271,0.00039315223693847656,36,0.20727985029791063,0.8323518022256166,17.041937112808228,44,0.2001060680359126,0.8408264158827646,0.1439499855041504,42,0.16454174250803502,0.8581270682714413,0.0003521442413330078,34,0.18105459555782033,0.8362461558876453,16.67978000640869,40,0.17551505429553516,0.8402170388837414,0.17925095558166504,39
39,high_volatility,0.18457981404358,0.850006446812449,0.00032401084899902344,38,0.20524338852331292,0.8269272218668559,17.017341136932373,46,0.1985489356997078,0.8396984211450218,0.09045195579528809,43,0.17046595112841434,0.8578887961412224,0.0003688335418701172,34,0.18429535806656722,0.8321258496811094,16.799547910690308,41,0.17759945354345516,0.840985254244248,0.11697697639465332,39
40,high_volatility,0.1951015042546015,0.8617320184207551,0.00038123130798339844,37,0.2131106765414887,0.8411882788303173,17.035871744155884,45,0.19973308971060766,0.84555571845492,0.21904397010803223,43,0.17080475319262253,0.861113341978577,0.0003478527069091797,34,0.190002707424257,0.8435039921346535,16.864334106445312,40,0.18256123163958962,0.8473853922882553,0.13767385482788086,39
41,high_volatility,0.17596241859862213,0.8662640611956135,0.00029587745666503906,38,0.19563487132165347,0.8551634715615175,17.068888902664185,45,0.18560815883122328,0.861453693641378,0.34429121017456055,43,0.16148428691110273,0.8721596894427761,0.0003669261932373047,34,0.18034019230118375,0.8571280943198846,16.76998805999756,41,0.17359181955302647,0.8623117341665854,0.251507043838501,39
42,high_volatility,0.16086726185818814,0.876384911315851,0.0003268718719482422,37,0.17623499066278533,0.8597334754410082,16.96144986152649,45,0.16726092688747915,0.8649343412550121,0.12025094032287598,43,0.1463873723939199,0.8801898423432735,0.00041794776916503906,34,0.15795449795130465,0.858814107070695,16.73500418663025,41,0.1539762809279638,0.8660232312312433,0.16367101669311523,39
43,high_volatility,0.1898189600443833,0.8653238302022327,0.00031495094299316406,37,0.20979109753524353,0.8447467914560192,16.993295192718506,45,0.19837989055052782,0.8497538194774544,0.13482403755187988,43,0.1698666712098452,0.8685798892683445,0.0003788471221923828,34,0.19003379221811018,0.8495738496921463,16.613785982131958,41,0.179882472023567,0.8536533165810372,0.19470787048339844,39
44,high_volatility,0.24070399744332355,0.8435321555694248,0.0003371238708496094,37,0.2596592801249792,0.8104221761813873,16.973809957504272,45,0.2562203624553399,0.8200175164453948,0.11455297470092773,43,0.2065804045879791,0.8501453496791725,0.000347137451171875,34,0.2165329230654293,0.8235604271269383,16.756864070892334,40,0.20932983633399369,0.82866060737123,0.41260695457458496,39
0,large_scale,0.0875505468028338,0.9407595734471081,0.0005748271942138672,37,0.09699854540082223,0.927175487258315,35.137470960617065,50,0.0920170750291822,0.9348168860987303,0.29986000061035156,45,0.07124352597154997,0.9423008044287905,0.0008420944213867188,33,0.08418617737173834,0.9253642981298738,34.689048051834106,45,0.0814710083207688,0.932552890311166,0.3228938579559326,41
1,large_scale,0.08899400853512549,0.9391029709199585,0.0006859302520751953,38,0.10615796716993428,0.931566749243309,34.78496599197388,49,0.09856839069847488,0.9370720549174827,0.26026391983032227,44,0.07780380295596886,0.9448980557300638,0.0008108615875244141,31,0.08792975759914194,0.9268242689214264,34.472379207611084,44,0.0865011101231588,0.9337264323377137,0.25729823112487793,40
2,large_scale,0.08233492015276082,0.939133203612901,0.0007469654083251953,37,0.0929653674350684,0.9279152206800956,34.96658730506897,48,0.08913695514311772,0.9340580307122947,0.21842694282531738,43,0.07114347479887767,0.945833651379961,0.0007462501525878906,31,0.081571940882271,0.9257233290727989,34.70139789581299,44,0.07819144607102084,0.9338717830895473,0.22371411323547363,40
3,large_scale,0.07124982239124783,0.9374732169461649,0.0006389617919921875,38,0.08360683384200578,0.933743066955065,35.03595995903015,48,0.07839571115325766,0.9374138168332073,0.2770240306854248,43,0.06047348469173859,0.9431104443491759,0.0008800029754638672,33,0.07449013242936797,0.9302963059586234,34.634824991226196,45,0.07084279888029674,0.9357951014535718,0.32593798637390137,41
4,large_scale,0.08716418981880131,0.9439288765952274,0.0006442070007324219,36,0.09601513903199041,0.9305495880507708,34.92647194862366,48,0.08956940499109399,0.9351282092800148,0.26181507110595703,44,0.07155621480331144,0.9378756152998965,0.0007519721984863281,35,0.08487484187757736,0.929062940128045,34.62853503227234,44,0.07982021971620985,0.9330820894996601,0.24485182762145996,41
5,large_scale,0.0851615978545667,0.9359242705806557,0.0006818771362304688,36,0.10058610928179454,0.9228202067612375,35.02303171157837,48,0.09494152630751437,0.9295059671960578,0.30312013626098633,43,0.07603616856367985,0.9394569311898712,0.0006971359252929688,33,0.08353284276854797,0.9217698454150227,34.685890197753906,43,0.07959959815975097,0.9273959594606792,0.26677608489990234,40
6,large_scale,0.07365036754675455,0.9395850828591863,0.0006952285766601562,38,0.08628066692084602,0.9307892076263412,34.952576875686646,48,0.08110472408049824,0.9376149013505974,0.25563907623291016,43,0.06743501342091271,0.9418764992891073,0.0008590221405029297,34,0.07242115133876849,0.9241973169890497,34.788918018341064,46,0.07047592725659665,0.9319280643114826,0.327869176864624,42
7,large_scale,0.08629760834508059,0.9470129446410475,0.0006041526794433594,35,0.09491703753950458,0.9291220870726596,35.04433488845825,49,0.08492209486371834,0.9335944254006425,0.22149300575256348,45,0.07875818415734834,0.9466107649784046,0.0007381439208984375,33,0.0812865759669941,0.9266531989488979,34.743192195892334,47,0.079042947233506,0.9350521797337584,0.2774641513824463,42
8,large_scale,0.06421120917450868,0.940208672168984,0.0006508827209472656,35,0.07888024205334329,0.9234458747407934,35.14273691177368,50,0.07240265225364681,0.9303560636691952,0.32361507415771484,45,0.05562008031334949,0.9429860138179799,0.0008761882781982422,32,0.06880053363930157,0.9262796179151408,34.72164607048035,45,0.06301202337107203,0.9325596634126258,0.3569619655609131,40
9,large_scale,0.07460855125997731,0.9442972815889176,0.0006220340728759766,35,0.08893668730499583,0.9262164963843602,34.878456830978394,51,0.08245193873804824,0.9375886277295934,0.27524614334106445,44,0.068691228695361,0.944218091217273,0.0008690357208251953,33,0.07772479120876867,0.9280447155747095,34.91496801376343,45,0.0768948449759426,0.9355674349749044,0.2890968322753906,41
10,large_scale,0.07708746377141557,0.94336374331055,0.0006780624389648438,35,0.09111644642282626,0.9337452066555959,35.03840708732605,48,0.08409681719057072,0.9374869355498071,0.33736109733581543,44,0.06659624373564867,0.9416172851946093,0.0007517337799072266,33,0.07889949663932422,0.9272119094578206,34.73302102088928,45,0.0751168255591598,0.9361162459299944,0.2740161418914795,39
11,large_scale,0.07601103554372349,0.949015804527325,0.0006530284881591797,35,0.08434040791976029,0.9391314647880713,34.87708497047424,48,0.07822537076312673,0.9429404445091631,0.25127410888671875,43,0.06469032303588748,0.9449829805921073,0.0008697509765625,33,0.07848148177499495,0.9340938172276677,34.745617151260376,45,0.07320608312050003,0.9398477156954489,0.3121671676635742,41
12,large_scale,0.07368834640749826,0.9476570947264125,0.000720977783203125,35,0.08260675275799927,0.9388783973917298,34.9888710975647,46,0.07946964727063001,0.9432485655440414,0.19230294227600098,42,0.06416194689118597,0.946017402944402,0.0007171630859375,32,0.0759485916520015,0.9321552215587385,34.69858503341675,45,0.07141868993450816,0.93924586420466,0.2660841941833496,40
13,large_scale,0.06092873502078682,0.9374683732820634,0.0009248256683349609,37,0.07686175022109039,0.9304569985854221,34.903587102890015,47,0.07090048595225396,0.9345745285815201,0.24010610580444336,44,0.05698605164574351,0.9432222491286217,0.0009019374847412109,32,0.06755239220410084,0.9298350721398048,34.666638135910034,44,0.06318787081514171,0.9327384963519944,0.30213093757629395,42
14,large_scale,0.07392948144249138,0.9384150979790418,0.0008149147033691406,36,0.0877113092273772,0.9206282087544319,34.85232591629028,50,0.0798679314004062,0.9323462141327743,0.4248182773590088,42,0.062741871668602,0.9399213611866472,0.0008618831634521484,33,0.07288020359361613,0.9248495567709487,34.64141607284546,43,0.06730773056915382,0.9279594174569354,0.2920830249786377,41
15,large_scale,0.06344915511060562,0.9336583751358886,0.0008189678192138672,38,0.06985224677380378,0.9162451870208376,35.03543996810913,51,0.07002274327300666,0.9321808515094063,0.37970495223999023,43,0.05372186507280164,0.9413111123496517,0.0008058547973632812,33,0.064886601073362,0.9242276028221695,34.55965733528137,44,0.06263956572974906,0.9289632163619415,0.3051278591156006,41
16,large_scale,0.0695753372116103,0.9364750085128563,0.0007112026214599609,36,0.08591672455557302,0.9253026835215897,35.00682711601257,47,0.08027659037115077,0.9310050320946776,0.32177209854125977,43,0.061200385739334714,0.9396929431602481,0.0008633136749267578,34,0.07551016018709705,0.9216063464003985,34.559576749801636,45,0.07258148711117055,0.927867896171955,0.45011305809020996,42
17,large_scale,0.08194050719221524,0.9400203903462507,0.0007610321044921875,36,0.09181656060183592,0.9255834146551483,34.5774929523468,49,0.08603856868241257,0.9299629967628279,0.30797624588012695,45,0.06980521658154526,0.9386144723013655,0.0008897781372070312,34,0.0831138501568088,0.921780973730007,34.54721808433533,46,0.08168699884132223,0.9319745185541253,0.31848716735839844,41
18,large_scale,0.07426154968436495,0.9327965708645033,0.0006837844848632812,38,0.09100338354569093,0.9241776014604849,34.871105909347534,47,0.08438957633325916,0.9302477946319246,0.24663901329040527,43,0.06423293319831411,0.9393308519775028,0.0007832050323486328,33,0.07943414077811252,0.9213924292082556,34.42243790626526,45,0.07369452282233552,0.9274259158450263,0.38688206672668457,41
19,large_scale,0.07205262498369193,0.9364396511357839,0.0006859302520751953,37,0.08313587010909632,0.9254916308250066,35.03871417045593,48,0.07727696774962475,0.9285262709257147,0.24491119384765625,45,0.06471716133990757,0.9374306057238733,0.0007338523864746094,34,0.07600991027178794,0.9202638360654728,34.580751180648804,46,0.07445154678210683,0.9266065697987038,0.37432312965393066,43
20,large_scale,0.07577520209941987,0.943625160000421,0.0007610321044921875,38,0.08554347917636139,0.9325668690212426,34.90443682670593,52,0.08167767426185095,0.9373347777458225,0.26931285858154297,48,0.06689417747916553,0.9411062241216321,0.0008721351623535156,36,0.07669068704883024,0.9279015393745377,34.27756714820862,47,0.07444307247175311,0.9334291299846034,0.24288105964660645,44
21,large_scale,0.08690828990785196,0.9308430942353275,0.0006670951843261719,39,0.10181142641911717,0.9172562628214022,34.711928844451904,51,0.09256245000276964,0.9205236136281684,0.20118188858032227,48,0.07461301432106227,0.9321501686393977,0.0007600784301757812,37,0.08924787951911876,0.9177119828034958,34.59864521026611,48,0.08307860080475521,0.9201672186706816,0.32492685317993164,45
22,large_scale,0.0760788581064103,0.9275032921352339,0.0006060600280761719,39,0.09213794192448266,0.9050877824732468,35.00241208076477,54,0.08993080219719342,0.91636471515534,0.2345731258392334,48,0.05972650716581487,0.9290686463511639,0.0007030963897705078,37,0.07920850440304433,0.9073490277188514,34.736709117889404,50,0.07313872936495686,0.9161077452184361,0.266448974609375,45
23,large_scale,0.07780884207803529,0.9303125057693404,0.0006330013275146484,40,0.09012474245243766,0.9097377193295713,35.10704016685486,55,0.08560004321620072,0.9161443312363057,0.3196392059326172,51,0.061369448694212576,0.928489588876579,0.0007958412170410156,39,0.07377340167645706,0.9093692063993898,34.72836995124817,51,0.07096676664663262,0.916116872528277,0.269395112991333,47
24,large_scale,0.0818744410475522,0.9308141536919973,0.0007030963897705078,41,0.09937232453224104,0.9137932218167623,35.134263038635254,55,0.09161709658652142,0.9199071795182718,0.2617530822753906,51,0.06780553209434863,0.9298773123967466,0.0008041858673095703,39,0.08416319411886364,0.9099533515232416,34.79995083808899,53,0.07522054046306365,0.9167242906700379,0.25444912910461426,48
25,large_scale,0.08502682649762672,0.9342955644984638,0.0007040500640869141,40,0.0956944108047927,0.9213563632126699,35.12630820274353,53,0.09265894613261058,0.927677368742929,0.215623140335083,50,0.06380434170451713,0.931797548019146,0.0006852149963378906,37,0.0839447638696785,0.9150313479797794,34.68231678009033,52,0.07951233602756307,0.921228978365769,0.3220691680908203,47
26,large_scale,0.084874005912087,0.9346272016180543,0.0005841255187988281,43,0.09755700685718918,0.9252263515204542,35.06182503700256,55,0.09078125797760801,0.9287360967023878,0.20871615409851074,51,0.06810988862413533,0.933830054985994,0.0008759498596191406,39,0.08538359903165987,0.916450600835671,34.47925305366516,54,0.08348561848933166,0.9279637277595223,0.21204209327697754,47
27,large_scale,0.09025580426471955,0.9309424659666579,0.0005850791931152344,42,0.10279376365002998,0.9120179711461129,35.02814531326294,55,0.09712797118574965,0.9188562588664054,0.30605006217956543,51,0.0789065136722304,0.9334367186190123,0.0007610321044921875,37,0.09128509233840254,0.911382465870488,34.69034218788147,52,0.08704923441769416,0.9198283015769487,0.33246302604675293,47
28,large_scale,0.0717764630685459,0.9363677395275665,0.0007350444793701172,41,0.07945474371083229,0.9247655571957863,35.16883373260498,53,0.0740885723493012,0.9314140803999675,0.3134279251098633,48,0.06505314588116115,0.9338634254358035,0.0006821155548095703,38,0.07440511751076337,0.9185061552830063,34.77987313270569,53,0.06970933733006977,0.9272152267786586,0.2561206817626953,47
29,large_scale,0.08067749535214283,0.9407738926717178,0.0007250308990478516,40,0.08501181916719552,0.9272223712327183,35.12695503234863,53,0.08208108699670065,0.9347275521843637,0.19919300079345703,47,0.06840075142624824,0.9376713989118024,0.00084686279296875,38,0.07796721955574683,0.9166436947138789,34.53774166107178,53,0.07443049543258141,0.9238802336285735,0.2647838592529297,49
30,large_scale,0.07561316453335223,0.9564331024612496,0.0007131099700927734,41,0.08227476502693017,0.9505465570029692,35.075851917266846,54,0.07820726674866113,0.9550139692915383,0.2792818546295166,49,0.0722975714646336,0.9524507900861222,0.0006978511810302734,37,0.07834817211316397,0.9376889647185468,34.776962995529175,53,0.07442900394000335,0.9451722944029564,0.25488901138305664,47
31,large_scale,0.07353113838947715,0.9367891590539362,0.0006468296051025391,39,0.08178111730384392,0.9237541109892904,35.06785988807678,50,0.07826621672788671,0.9289470246194989,0.3779151439666748,47,0.06789357019539659,0.9397050800754772,0.0008938312530517578,34,0.07618549652043871,0.9225503123630299,34.648353099823,47,0.07275851363536548,0.9290071153224408,0.3660407066345215,42
32,large_scale,0.07090447390388621,0.9452863850778727,0.0007250308990478516,38,0.07812927949934126,0.9272822638442488,34.96090507507324,53,0.07346125778512141,0.9340429179784907,0.22025609016418457,48,0.0598771247442077,0.944509152874125,0.0007748603820800781,34,0.07171488601459795,0.9319762838777748,34.658297061920166,46,0.06805135762594937,0.9381493380302017,0.3054821491241455,42
33,large_scale,0.08416482446954657,0.9422005793348759,0.0007030963897705078,36,0.09277373935035423,0.9272803964266232,34.74474596977234,51,0.09029728757448122,0.933546751939918,0.2302868366241455,46,0.0707722770984025,0.9421529595800172,0.0008769035339355469,34,0.08022396627827828,0.9244363999810709,34.473921060562134,45,0.07685806430317114,0.9300939010933159,0.3040900230407715,42
34,large_scale,0.0756589646935715,0.938616264966798,0.0006778240203857422,38,0.08551902323614365,0.9314080497398756,35.06020379066467,51,0.08236736755944483,0.9390979199265493,0.27117419242858887,44,0.06706681951512145,0.94404434438114,0.0008578300476074219,33,0.0770131995002206,0.9268276239898579,34.52802896499634,45,0.07513561496573894,0.9336944765862386,0.2946350574493408,41
35,large_scale,0.07694433671902386,0.9389247489544975,0.0007948875427246094,37,0.09215997295342775,0.924402946667725,34.89332580566406,51,0.08362472033441665,0.931809858318597,0.251450777053833,45,0.06573335736611749,0.942247525112402,0.0007450580596923828,33,0.07994128835234464,0.92209375315249,34.70070505142212,47,0.07504135471548348,0.9315508627921225,0.5392649173736572,41
36,large_scale,0.08124366792954744,0.933875068873317,0.0008111000061035156,39,0.09612930717303685,0.9206139125807258,34.92423701286316,52,0.09081942819296458,0.9276510580599601,0.3218669891357422,47,0.06357898577039069,0.9396939095660616,0.0008370876312255859,33,0.08368329659571777,0.9182386215239284,34.55689787864685,48,0.07898526731795576,0.9299856213914384,0.33767080307006836,41
37,large_scale,0.08479409623366722,0.9404084602754137,0.0007731914520263672,39,0.09172630169811204,0.925704087613283,34.93726301193237,52,0.08678922271064345,0.9328988621291449,0.2730588912963867,48,0.07080572881556685,0.9436159278601827,0.0007929801940917969,34,0.08341292499624776,0.9273837518904545,34.56830072402954,47,0.08143708827188406,0.9373202910325487,0.38281917572021484,41
38,large_scale,0.08743924378166379,0.9400432515496561,0.0008358955383300781,38,0.09986446947109948,0.9304389272086594,34.907922983169556,51,0.0950572939185992,0.9365118027635004,0.2465977668762207,47,0.06484913733960414,0.9397425283822766,0.0008308887481689453,34,0.08662711829733774,0.9286607610842519,34.5148389339447,46,0.07950137990693673,0.9341879580198691,0.3106520175933838,41
39,large_scale,0.08441977874851456,0.9393949169412916,0.0006427764892578125,40,0.09541213198997109,0.9282355028772377,34.88554620742798,53,0.09140086301527893,0.9345397444770527,0.24261474609375,49,0.06874966205786326,0.9403112259397861,0.0007731914520263672,35,0.0852994979814891,0.9283365687845608,34.72852897644043,46,0.08082625391195424,0.9356942652805151,0.3010861873626709,42
40,large_scale,0.08319165933473255,0.9414073928988654,0.0007631778717041016,37,0.0943520963167847,0.9267861485878082,34.9098060131073,51,0.0922275278819596,0.9337593688314735,0.28127431869506836,47,0.06308410779231591,0.9396560545424006,0.00078582763671875,33,0.07785990752267992,0.922238035645825,34.66809701919556,46,0.07200543198782045,0.9287580494912125,0.3501269817352295,42
41,large_scale,0.08134956448497534,0.9467749442903132,0.0006449222564697266,37,0.09330338542750363,0.9404971299500843,35.056334257125854,49,0.08712975828020768,0.9443643648306496,0.252180814743042,45,0.0681315228587929,0.9452101490515088,0.0008938312530517578,33,0.08217495159745505,0.9314860173725328,34.694973945617676,46,0.07847659205127208,0.9388088430913502,0.31563806533813477,42
42,large_scale,0.07374954496906486,0.9473522741053751,0.000743865966796875,37,0.08234519155215662,0.9407586239976924,35.0715069770813,48,0.07965776391309759,0.9485547693018745,0.33132195472717285,42,0.06457357008955017,0.9484825677050448,0.0007312297821044922,33,0.07364605915145077,0.9372918636227547,34.65978407859802,45,0.07090964325763768,0.9445580823771548,0.3214762210845947,40
43,large_scale,0.08164446662959289,0.943280783868722,0.00080108642578125,37,0.09206317913479847,0.9308851610132807,35.04661703109741,49,0.08797669009258975,0.9391698870702845,0.3561439514160156,43,0.07619618329002335,0.9408165584476356,0.0008618831634521484,35,0.08005433422040344,0.9276339796158048,34.5770947933197,45,0.07736183617494033,0.9361604399348001,0.30408430099487305,40
44,large_scale,0.10289618430145885,0.9326251296035858,0.0007231235504150391,38,0.11703923832146672,0.9197357324804648,34.85368609428406,48,0.10426292590960601,0.927827019395927,0.22733020782470703,43,0.0867003727398165,0.9369656451596078,0.0007281303405761719,34,0.1047730942581636,0.9206561540200684,34.60453391075134,45,0.0978179754099083,0.9268105488339136,0.3821530342102051,41
