courier_id,dispatch_records,avg_current_order_count
1775,24,2.0
1470,24,2.6666666666666665
3739,24,0.9583333333333334
1457,24,2.3333333333333335
1455,24,3.7916666666666665
1453,24,4.791666666666667
1452,24,2.125
1447,24,2.5833333333333335
1446,24,2.2083333333333335
1445,24,2.5833333333333335
1443,24,2.2083333333333335
1442,24,2.0
1441,24,4.0
1435,24,1.2083333333333333
1426,24,3.2916666666666665
1421,24,2.7916666666666665
1415,24,1.0416666666666667
1459,24,2.2916666666666665
1475,24,2.0416666666666665
1410,24,2.5
1481,24,1.8333333333333333
1543,24,3.125
1538,24,2.8333333333333335
1536,24,4.583333333333333
1534,24,3.0833333333333335
1523,24,1.625
1515,24,1.875
1510,24,1.7083333333333333
1507,24,2.75
1505,24,2.125
1501,24,2.875
1500,24,1.4583333333333333
1498,24,1.3333333333333333
1496,24,2.0416666666666665
1494,24,1.8333333333333333
4329,24,1.0833333333333333
1414,24,0.5416666666666666
1408,24,3.4166666666666665
1863,24,3.0833333333333335
1328,24,2.4166666666666665
1318,24,1.8333333333333333
1317,24,1.75
1316,24,2.5416666666666665
4390,24,0.0
1314,24,1.8333333333333333
1308,24,1.4166666666666667
1305,24,2.7083333333333335
1302,24,1.1666666666666667
1299,24,3.2916666666666665
1298,24,3.0416666666666665
1294,24,2.3333333333333335
1292,24,2.6666666666666665
1290,24,1.875
1288,24,1.9166666666666667
1282,24,0.875
1319,24,0.9583333333333334
1329,24,2.1666666666666665
1403,24,1.4166666666666667
1332,24,2.625
1401,24,3.3333333333333335
1399,24,1.9583333333333333
1396,24,2.25
1389,24,3.0416666666666665
1384,24,1.7083333333333333
1383,24,1.2083333333333333
1382,24,1.5
1368,24,4.708333333333333
1366,24,1.9166666666666667
1362,24,2.0833333333333335
1358,24,1.9166666666666667
1350,24,2.7083333333333335
1345,24,0.9166666666666666
1338,24,1.1666666666666667
1337,24,1.8333333333333333
1545,24,0.25
1546,24,0.4583333333333333
1554,24,2.8333333333333335
1761,24,2.3333333333333335
1755,24,2.4583333333333335
1746,24,1.75
1745,24,1.9166666666666667
1744,24,1.7083333333333333
1740,24,4.291666666666667
1737,24,1.7916666666666667
1736,24,3.7916666666666665
1735,24,1.375
1728,24,2.2916666666666665
1726,24,2.0416666666666665
1724,24,2.0416666666666665
1721,24,1.875
1720,24,1.7083333333333333
1716,24,1.25
1715,24,3.0833333333333335
1757,24,2.375
1764,24,2.375
1555,24,1.5833333333333333
1771,24,2.5
1841,24,1.7083333333333333
1838,24,1.8333333333333333
1837,24,2.25
1828,24,2.4583333333333335
1814,24,1.25
1813,24,0.0
1804,24,1.7083333333333333
1797,24,3.1666666666666665
1794,24,1.3333333333333333
1789,24,1.0833333333333333
1787,24,2.0416666666666665
1784,24,1.9583333333333333
1783,24,1.0833333333333333
1777,24,2.9583333333333335
1773,24,3.2916666666666665
1706,24,3.75
1705,24,1.5416666666666667
1700,24,1.7916666666666667
1699,24,2.875
1603,24,3.6666666666666665
1600,24,2.5416666666666665
1599,24,2.125
1597,24,1.7083333333333333
1593,24,3.3333333333333335
1587,24,3.5416666666666665
1582,24,2.625
1581,24,5.416666666666667
1577,24,1.9166666666666667
1571,24,2.25
1568,24,2.5
1564,24,1.375
1563,24,3.625
1561,24,0.8333333333333334
1559,24,1.75
1614,24,1.625
1616,24,1.2083333333333333
1625,24,2.125
1682,24,1.625
1694,24,3.3333333333333335
1693,24,3.4166666666666665
1691,24,3.3333333333333335
1690,24,1.5416666666666667
1689,24,1.0416666666666667
1687,24,2.0
1681,24,2.125
1626,24,3.6666666666666665
1680,24,1.1666666666666667
1677,24,3.9583333333333335
1673,24,2.0
1645,24,2.0833333333333335
1639,24,1.3333333333333333
1629,24,1.25
1275,24,4.25
1261,24,2.4583333333333335
1260,24,1.375
863,24,1.8333333333333333
853,24,1.9583333333333333
851,24,1.4166666666666667
847,24,0.625
844,24,2.625
840,24,1.125
835,24,3.375
831,24,1.7083333333333333
830,24,3.8333333333333335
822,24,3.4583333333333335
820,24,3.7083333333333335
818,24,1.7083333333333333
817,24,0.5833333333333334
816,24,3.0833333333333335
813,24,4.291666666666667
803,24,1.7916666666666667
855,24,1.0833333333333333
868,24,3.2083333333333335
3679,24,0.8333333333333334
871,24,2.3333333333333335
939,24,2.25
931,24,1.7916666666666667
930,24,0.9583333333333334
920,24,3.875
919,24,1.875
915,24,3.4166666666666665
910,24,1.1666666666666667
899,24,1.7083333333333333
897,24,2.7083333333333335
896,24,1.75
893,24,1.375
892,24,1.5833333333333333
889,24,4.125
876,24,0.8333333333333334
873,24,2.7083333333333335
793,24,0.7083333333333334
790,24,3.5416666666666665
786,24,1.625
783,24,4.625
697,24,1.6666666666666667
695,24,3.125
692,24,2.6666666666666665
690,24,3.8333333333333335
689,24,3.625
685,24,1.0416666666666667
681,24,1.9583333333333333
680,24,1.4583333333333333
667,24,2.0833333333333335
666,24,1.5416666666666667
661,24,1.9166666666666667
652,24,1.5
644,24,1.8333333333333333
640,24,1.7916666666666667
639,24,2.2916666666666665
698,24,2.2083333333333335
702,24,3.0833333333333335
711,24,4.125
764,24,1.7083333333333333
782,24,1.75
781,24,3.1666666666666665
780,24,4.041666666666667
777,24,2.5416666666666665
772,24,3.1666666666666665
769,24,2.0833333333333335
754,24,1.75
718,24,2.875
751,24,2.625
745,24,1.9166666666666667
737,24,3.0
730,24,1.9583333333333333
729,24,3.125
721,24,2.3333333333333335
941,24,2.375
3731,24,2.7083333333333335
1259,24,1.7083333333333333
4410,24,2.7916666666666665
1175,24,2.4583333333333335
1168,24,3.5416666666666665
1167,24,5.375
1160,24,1.25
1159,24,1.125
1138,24,2.0833333333333335
1132,24,2.3333333333333335
1128,24,2.0416666666666665
1119,24,1.75
1115,24,1.5416666666666667
1113,24,2.25
1110,24,2.0833333333333335
1105,24,2.2916666666666665
1104,24,1.9166666666666667
1098,24,0.625
1183,24,1.875
1200,24,1.0
958,24,3.1666666666666665
1204,24,1.375
1257,24,2.5416666666666665
1254,24,3.125
1251,24,2.75
1250,24,1.75
1247,24,1.75
1241,24,2.2916666666666665
1235,24,2.0416666666666665
1233,24,3.125
1229,24,1.7083333333333333
1225,24,3.4583333333333335
1223,24,2.4166666666666665
1220,24,0.9166666666666666
1217,24,1.9166666666666667
1209,24,2.1666666666666665
1205,24,1.875
1087,24,4.5
1086,24,2.75
1084,24,3.7916666666666665
1081,24,1.75
997,24,3.0416666666666665
996,24,4.416666666666667
993,24,2.6666666666666665
987,24,2.5416666666666665
982,24,1.4166666666666667
980,24,1.6666666666666667
977,24,2.25
972,24,2.9583333333333335
971,24,0.7916666666666666
970,24,2.3333333333333335
969,24,2.7916666666666665
968,24,3.75
964,24,1.0833333333333333
963,24,2.625
960,24,1.2916666666666667
1003,24,0.7916666666666666
1010,24,2.875
1015,24,1.7083333333333333
1055,24,2.0
1076,24,1.4583333333333333
1073,24,3.0833333333333335
1070,24,1.75
1067,24,1.7083333333333333
1065,24,1.4166666666666667
1064,24,2.5
1053,24,1.875
1018,24,0.75
1049,24,1.5
1047,24,1.5833333333333333
1041,24,1.6666666666666667
1039,24,1.0833333333333333
1035,24,2.2916666666666665
1033,24,1.625
1848,24,0.75
1864,24,2.9166666666666665
633,24,2.7083333333333335
2894,24,2.625
2890,24,1.8333333333333333
2887,24,3.5833333333333335
2886,24,1.25
2885,24,1.75
2883,24,1.3333333333333333
2882,24,1.875
2876,24,1.7083333333333333
2862,24,1.1666666666666667
2861,24,1.4583333333333333
2854,24,2.375
2849,24,1.375
2848,24,1.4583333333333333
2844,24,0.25
2842,24,0.375
2827,24,3.0416666666666665
2892,24,2.25
2901,24,0.7083333333333334
4024,24,0.75
2903,24,0.0
2999,24,1.0833333333333333
2996,24,3.5
2993,24,1.375
3982,24,1.3333333333333333
2976,24,6.0
2969,24,1.9166666666666667
2965,24,3.2083333333333335
2964,24,2.6666666666666665
2937,24,2.9583333333333335
2932,24,4.416666666666667
2929,24,2.1666666666666665
2922,24,2.7083333333333335
2919,24,2.0833333333333335
2918,24,1.6666666666666667
2915,24,1.6666666666666667
2825,24,4.0
2820,24,3.3333333333333335
1880,24,2.75
4052,24,2.2083333333333335
2701,24,1.4583333333333333
2700,24,2.75
2697,24,2.0
2696,24,2.8333333333333335
2682,24,3.4166666666666665
2677,24,2.5
2676,24,2.0
2671,24,2.375
2662,24,1.5
2659,24,2.375
2658,24,1.5
2642,24,1.625
2638,24,1.75
2635,24,3.7916666666666665
2629,24,2.7083333333333335
2708,24,1.5416666666666667
2715,24,1.0833333333333333
2819,24,1.5833333333333333
2716,24,1.6666666666666667
2805,24,4.0
2803,24,1.25
2802,24,1.75
2793,24,1.7083333333333333
2791,24,2.25
2787,24,1.2916666666666667
2784,24,1.0833333333333333
2779,24,3.4583333333333335
2773,24,2.2916666666666665
2771,24,2.0
2761,24,1.9583333333333333
2755,24,2.375
2741,24,1.9583333333333333
2731,24,2.125
2717,24,2.375
3000,24,2.3333333333333335
3028,24,1.8333333333333333
3030,24,2.875
3408,24,3.0
3824,24,2.1666666666666665
3391,24,0.375
3384,24,3.0416666666666665
3375,24,1.4583333333333333
3373,24,0.5
3372,24,2.7083333333333335
3355,24,2.75
3842,24,1.7916666666666667
3348,24,1.4166666666666667
3345,24,2.9583333333333335
3567,24,2.5416666666666665
3332,24,1.2916666666666667
3568,24,0.875
3315,24,1.875
3311,24,1.2916666666666667
3822,24,1.5416666666666667
3409,24,0.4166666666666667
3053,24,1.2916666666666667
3566,24,1.25
3548,24,1.2083333333333333
3537,24,1.8333333333333333
3780,24,2.2083333333333335
3526,24,2.25
3524,24,2.75
3514,24,1.875
3503,24,3.0416666666666665
3497,24,1.1666666666666667
3478,24,2.9583333333333335
3474,24,1.5416666666666667
3453,24,1.0
3449,24,2.1666666666666665
3801,24,2.125
3437,24,1.625
3435,24,1.2916666666666667
3302,24,2.4583333333333335
3870,24,1.625
3294,24,3.5
3291,24,2.4166666666666665
3167,24,2.0416666666666665
3159,24,3.4583333333333335
3150,24,2.5416666666666665
3147,24,1.375
3146,24,2.0833333333333335
3127,24,1.0
3930,24,0.25
3119,24,3.125
3117,24,2.5833333333333335
3107,24,3.2083333333333335
3088,24,2.0
3068,24,2.2083333333333335
3064,24,0.5833333333333334
3057,24,2.2083333333333335
3055,24,1.2916666666666667
3904,24,2.75
3185,24,3.3333333333333335
3189,24,2.2916666666666665
3263,24,1.625
3280,24,3.0416666666666665
3279,24,2.7916666666666665
3278,24,2.6666666666666665
3269,24,1.9166666666666667
3265,24,0.041666666666666664
3264,24,0.9583333333333334
3257,24,2.0416666666666665
3195,24,2.5416666666666665
3254,24,1.25
3243,24,1.2916666666666667
3241,24,0.4583333333333333
3235,24,1.2083333333333333
3205,24,1.9166666666666667
3203,24,0.4166666666666667
2617,24,1.0
2615,24,2.375
2611,24,2.3333333333333335
2107,24,2.0
2098,24,0.625
2097,24,1.75
2095,24,3.7916666666666665
2082,24,4.458333333333333
2081,24,0.875
2078,24,1.8333333333333333
2075,24,1.25
2074,24,3.75
2073,24,1.9583333333333333
2060,24,2.1666666666666665
2059,24,2.875
2051,24,1.9166666666666667
2050,24,3.25
2043,24,3.0833333333333335
2039,24,3.0
2106,24,3.3333333333333335
2122,24,2.5
2201,24,1.875
2128,24,0.625
2191,24,2.8333333333333335
2190,24,2.0416666666666665
2188,24,2.7083333333333335
2,24,3.125
2183,24,3.6666666666666665
2170,24,2.3333333333333335
2169,24,1.3333333333333333
2155,24,1.375
2153,24,4.625
2150,24,0.7916666666666666
2149,24,2.0
2145,24,2.4583333333333335
2142,24,3.2083333333333335
2141,24,1.9166666666666667
2134,24,2.0
2034,24,3.0
2031,24,1.7916666666666667
2027,24,1.7916666666666667
2015,24,3.125
1938,24,2.625
1936,24,3.125
1935,24,1.4166666666666667
1931,24,1.1666666666666667
1927,24,1.3333333333333333
1926,24,3.2916666666666665
1920,24,1.8333333333333333
1916,24,1.7916666666666667
1915,24,2.4583333333333335
1912,24,1.875
1911,24,1.4583333333333333
1908,24,4.083333333333333
1904,24,1.625
1901,24,1.2916666666666667
1889,24,4.0
1940,24,1.4166666666666667
1941,24,2.625
1944,24,2.4166666666666665
1976,24,0.125
2003,24,1.4583333333333333
1999,24,1.1666666666666667
1997,24,1.3333333333333333
1993,24,1.5833333333333333
1985,24,1.5833333333333333
1977,24,1.6666666666666667
1975,24,2.5
1947,24,3.0833333333333335
1963,24,3.5416666666666665
1961,24,1.125
1958,24,3.4583333333333335
1955,24,1.4583333333333333
1951,24,2.5416666666666665
1950,24,2.2916666666666665
2193,24,2.75
2210,24,3.4583333333333335
2601,24,1.7916666666666667
2503,24,1.625
2498,24,3.25
4099,24,1.1666666666666667
2492,24,0.5
2488,24,2.6666666666666665
2485,24,1.2083333333333333
2484,24,3.0833333333333335
2478,24,1.0416666666666667
2469,24,2.875
2468,24,3.1666666666666665
2467,24,0.75
2466,24,3.0833333333333335
2459,24,1.2916666666666667
2456,24,3.0
2447,24,2.8333333333333335
2435,24,4.958333333333333
2500,24,1.7083333333333333
2506,24,0.5416666666666666
2213,24,0.8333333333333334
2509,24,3.7916666666666665
2581,24,1.8333333333333333
2578,24,1.7916666666666667
2569,24,1.4166666666666667
2568,24,2.2083333333333335
2566,24,1.3333333333333333
4088,24,1.2083333333333333
2546,24,3.3333333333333335
2538,24,2.7083333333333335
2531,24,0.7916666666666666
2529,24,1.2916666666666667
2522,24,2.9166666666666665
3616,24,4.625
2517,24,3.25
2515,24,2.5416666666666665
2514,24,2.625
2434,24,3.3333333333333335
2431,24,3.0416666666666665
2426,24,2.2916666666666665
2423,24,1.25
2334,24,2.0
2331,24,2.0416666666666665
2324,24,1.5416666666666667
2315,24,2.25
2280,24,2.4166666666666665
2278,24,2.0416666666666665
2270,24,2.7083333333333335
2260,24,1.25
2258,24,3.7916666666666665
2248,24,1.625
2243,24,2.5
2232,24,1.125
2227,24,2.1666666666666665
2224,24,2.7083333333333335
2219,24,2.5416666666666665
2336,24,2.375
2341,24,2.0416666666666665
2350,24,1.5
2395,24,1.0833333333333333
2415,24,0.875
2411,24,0.875
2407,24,0.75
2404,24,2.7083333333333335
2400,24,2.8333333333333335
2399,24,2.125
2392,24,1.4583333333333333
2352,24,1.3333333333333333
2388,24,1.4583333333333333
2384,24,2.75
2373,24,1.75
2372,24,2.6666666666666665
2361,24,4.666666666666667
2359,24,0.4583333333333333
637,24,1.6666666666666667
1712,24,1.625
181,24,1.7083333333333333
458,24,1.5
334,24,2.9583333333333335
596,24,3.0833333333333335
170,24,3.6666666666666665
129,24,1.0416666666666667
169,24,1.5
335,24,0.7916666666666666
255,24,1.0
592,24,1.875
156,24,2.75
591,24,1.5833333333333333
378,24,2.4166666666666665
337,24,1.5833333333333333
442,24,2.4583333333333335
455,24,3.25
413,24,2.1666666666666665
421,24,2.9166666666666665
342,24,1.2916666666666667
166,24,2.1666666666666665
226,24,2.6666666666666665
492,24,4.083333333333333
252,24,1.625
493,24,1.8333333333333333
227,24,2.0833333333333335
553,24,0.6666666666666666
38,24,2.2083333333333335
332,24,0.625
85,24,2.5833333333333335
31,24,2.625
3727,24,0.9166666666666666
265,24,2.0833333333333335
222,24,1.25
263,24,1.1666666666666667
60,24,1.5833333333333333
132,24,2.0833333333333335
261,24,2.4583333333333335
154,24,3.375
71,24,1.5833333333333333
259,24,2.75
489,24,2.375
328,24,4.208333333333333
329,24,1.0833333333333333
35,24,3.0833333333333335
131,24,2.4583333333333335
187,24,1.5416666666666667
37,24,1.9583333333333333
155,24,1.4166666666666667
599,24,1.7083333333333333
331,24,2.9583333333333335
130,24,2.0
250,24,2.0
589,24,0.75
559,24,1.5416666666666667
361,24,2.875
575,24,1.4166666666666667
160,24,3.375
237,24,3.4583333333333335
564,24,1.5833333333333333
573,24,2.0416666666666665
515,24,2.0
499,24,0.875
121,24,2.25
498,24,1.4583333333333333
496,24,1.7083333333333333
184,24,1.4583333333333333
207,24,2.125
106,24,3.2916666666666665
161,24,2.5416666666666665
529,24,2.2916666666666665
364,24,2.625
235,24,2.875
209,24,1.6666666666666667
570,24,2.125
372,24,2.4583333333333335
371,24,2.6666666666666665
407,24,3.9583333333333335
159,24,0.4166666666666667
241,24,1.9583333333333333
3719,24,1.3333333333333333
501,24,1.7916666666666667
248,24,3.5833333333333335
586,24,3.2083333333333335
510,24,2.625
46,24,2.625
47,24,0.20833333333333334
65,24,2.0416666666666665
525,24,4.916666666666667
48,24,1.5
116,24,1.0833333333333333
165,24,2.625
582,24,2.125
563,24,2.8333333333333335
64,24,2.875
500,24,2.0833333333333335
452,24,3.0833333333333335
444,24,2.2916666666666665
125,24,2.8333333333333335
201,24,3.0
228,24,3.125
86,24,3.375
51,24,3.0416666666666665
495,24,1.875
387,24,0.625
385,24,3.5416666666666665
135,24,1.2916666666666667
473,24,2.4583333333333335
614,24,2.4166666666666665
30,24,2.125
316,24,0.7916666666666666
518,24,2.1666666666666665
176,24,2.25
96,24,3.875
144,24,1.875
293,24,1.75
294,24,3.1666666666666665
180,24,2.2916666666666665
5,24,3.6666666666666665
432,24,4.125
19,24,2.5833333333333335
141,24,3.0416666666666665
519,24,3.0833333333333335
20,24,1.9166666666666667
299,24,1.2083333333333333
94,24,2.625
531,24,2.0833333333333335
79,24,2.4583333333333335
3714,24,2.5833333333333335
469,24,2.375
623,24,1.125
145,24,2.2916666666666665
312,24,3.2916666666666665
397,24,2.4166666666666665
313,24,1.8333333333333333
13,24,1.375
478,24,1.7083333333333333
146,24,3.5416666666666665
82,24,4.541666666666667
537,24,1.625
517,24,1.75
620,24,2.4166666666666665
286,24,1.9166666666666667
3711,24,3.5416666666666665
315,24,2.0833333333333335
618,24,1.6666666666666667
285,24,4.791666666666667
317,24,1.2083333333333333
108,24,4.375
21,24,2.2916666666666665
462,24,2.1666666666666665
114,24,1.375
151,24,4.875
80,24,2.7083333333333335
416,24,1.625
463,24,2.5
389,24,2.5833333333333335
27,24,1.25
388,24,3.0416666666666665
549,24,2.9166666666666665
428,24,2.0416666666666665
507,24,0.375
192,24,1.875
629,24,1.1666666666666667
188,24,1.7083333333333333
29,24,2.125
631,24,2.75
632,24,1.7083333333333333
301,24,1.7083333333333333
24,24,2.375
606,24,3.2916666666666665
306,24,1.4583333333333333
175,24,3.75
134,24,2.7083333333333335
465,24,3.25
76,24,1.7916666666666667
75,24,2.0833333333333335
142,24,1.9583333333333333
546,24,2.4583333333333335
320,24,1.6666666666666667
219,24,4.458333333333333
624,24,3.5416666666666665
3,24,2.5
322,24,1.6666666666666667
81,24,4.416666666666667
220,24,0.4166666666666667
533,24,2.4583333333333335
1552,23,1.826086956521739
2244,23,2.260869565217391
2366,23,2.4782608695652173
3008,23,1.7826086956521738
3176,23,1.7391304347826086
886,23,1.6521739130434783
433,23,2.3043478260869565
4309,23,0.2608695652173913
2497,23,2.0434782608695654
3034,23,2.0869565217391304
2880,23,2.347826086956522
1676,23,1.2173913043478262
2323,23,0.9565217391304348
1122,23,4.0
392,23,3.391304347826087
2690,23,1.0
1529,23,2.0
2507,23,1.4782608695652173
1584,23,1.608695652173913
959,23,4.565217391304348
1527,23,3.260869565217391
2312,23,1.6956521739130435
967,23,1.1304347826086956
2311,23,1.3043478260869565
2329,23,2.217391304347826
1109,23,2.260869565217391
503,23,2.9565217391304346
1525,23,2.0
2836,23,1.608695652173913
932,23,1.608695652173913
3595,23,0.6521739130434783
1450,23,1.826086956521739
928,23,0.34782608695652173
1147,23,0.30434782608695654
1129,23,0.5217391304347826
540,23,3.782608695652174
168,23,2.4347826086956523
1027,23,3.0434782608695654
1418,23,1.434782608695652
3144,23,1.7826086956521738
83,23,2.652173913043478
1643,23,2.608695652173913
912,23,0.30434782608695654
1156,23,1.6956521739130435
3049,23,1.6956521739130435
1376,23,4.173913043478261
2458,23,3.782608695652174
3198,23,2.130434782608696
801,23,2.3043478260869565
2041,23,1.5217391304347827
1482,23,1.2608695652173914
3634,23,0.43478260869565216
742,23,2.8260869565217392
2070,23,0.8695652173913043
2077,23,2.869565217391304
1805,23,0.391304347826087
2080,23,0.5217391304347826
875,23,1.6956521739130435
763,23,1.2173913043478262
3340,23,2.3043478260869565
104,23,2.260869565217391
595,23,2.4782608695652173
3854,23,1.6521739130434783
41,23,2.4782608695652173
2416,23,2.217391304347826
2473,23,3.1739130434782608
3413,23,0.7391304347826086
3425,23,1.6956521739130435
1839,23,2.4347826086956523
2463,23,1.608695652173913
1079,23,2.4782608695652173
3779,23,1.0869565217391304
516,23,3.260869565217391
475,23,2.6956521739130435
663,23,2.0
2705,23,1.4782608695652173
1286,23,2.4782608695652173
4347,23,0.4782608695652174
2030,23,0.6956521739130435
1986,23,1.2608695652173914
1071,23,1.608695652173913
3455,23,1.173913043478261
2667,23,1.1304347826086956
2005,23,1.3043478260869565
1870,23,1.8695652173913044
4200,23,0.7391304347826086
1334,23,0.8695652173913043
34,23,0.8260869565217391
2133,23,1.0434782608695652
2364,23,2.260869565217391
3774,23,1.5217391304347827
369,23,3.739130434782609
1102,23,3.739130434782609
1037,23,3.3043478260869565
89,23,1.826086956521739
3882,23,1.2608695652173914
56,23,2.260869565217391
1349,23,1.9565217391304348
2179,23,1.8695652173913044
3729,23,1.0869565217391304
580,23,2.0434782608695654
244,23,2.652173913043478
2959,23,2.391304347826087
584,23,2.1739130434782608
246,23,1.2173913043478262
2146,23,1.2608695652173914
1203,23,0.6086956521739131
4386,23,0.8695652173913043
1094,22,2.0454545454545454
1339,22,2.8636363636363638
290,22,2.590909090909091
236,22,3.5
4007,22,0.6818181818181818
4034,22,0.18181818181818182
891,22,1.6818181818181819
1670,22,1.3181818181818181
3522,22,0.7727272727272727
1516,22,1.9090909090909092
555,22,1.3181818181818181
357,22,0.8181818181818182
2397,22,2.409090909090909
1765,22,2.590909090909091
664,22,2.772727272727273
318,22,1.2272727272727273
2555,22,1.4545454545454546
797,22,1.6363636363636365
61,22,1.5454545454545454
2355,22,3.272727272727273
655,22,2.409090909090909
4375,22,0.0
3540,22,0.7727272727272727
4009,22,1.9090909090909092
3546,22,1.0
2695,22,1.9090909090909092
1929,22,0.2727272727272727
3967,22,1.3636363636363635
189,22,1.4545454545454546
1653,22,2.1818181818181817
2308,22,4.181818181818182
221,22,2.3636363636363638
2160,22,1.4090909090909092
4501,22,0.18181818181818182
1733,22,1.0
749,22,2.1818181818181817
1732,22,2.590909090909091
2069,22,2.9545454545454546
4014,22,1.5454545454545454
3106,22,1.0
1586,22,0.4090909090909091
1816,22,1.2272727272727273
4628,22,0.09090909090909091
2595,22,1.1363636363636365
2064,22,0.45454545454545453
269,22,3.0454545454545454
720,22,1.5909090909090908
1664,22,3.227272727272727
74,22,2.227272727272727
272,22,2.1818181818181817
1044,22,2.772727272727273
1829,22,2.8636363636363638
608,22,0.9545454545454546
2475,21,1.619047619047619
1451,21,2.6666666666666665
1463,21,2.4761904761904763
1466,21,3.238095238095238
2472,21,0.6190476190476191
2461,21,1.8095238095238095
2487,21,1.4285714285714286
182,21,2.142857142857143
2482,21,2.857142857142857
634,21,2.6666666666666665
431,21,2.380952380952381
1325,21,1.5714285714285714
153,21,4.142857142857143
3725,21,2.5714285714285716
459,21,1.8095238095238095
1320,21,1.9047619047619047
2622,21,2.0
2621,21,3.0952380952380953
1327,21,1.380952380952381
2496,21,2.7142857142857144
457,21,1.8571428571428572
456,21,2.9047619047619047
157,21,4.0476190476190474
454,21,2.380952380952381
3692,21,2.5238095238095237
1341,21,0.9047619047619048
2650,21,1.5238095238095237
148,21,1.619047619047619
2663,21,2.3333333333333335
2666,21,1.2380952380952381
1301,21,4.0476190476190474
467,21,2.142857142857143
3762,21,2.0
2670,21,1.9047619047619047
1296,21,3.1904761904761907
1291,21,1.8095238095238095
4053,21,1.5714285714285714
1289,21,3.619047619047619
2674,21,3.0
2685,21,2.9047619047619047
1279,21,0.38095238095238093
1278,21,1.7142857142857142
2686,21,0.7142857142857143
2600,21,3.0952380952380953
1343,21,2.238095238095238
1347,21,3.238095238095238
1390,21,1.4761904761904763
1425,21,2.6666666666666665
3618,21,0.7619047619047619
434,21,2.8095238095238093
2504,21,4.666666666666667
2505,21,0.7142857142857143
435,21,1.0
436,21,1.9523809523809523
2508,21,0.7142857142857143
172,21,0.42857142857142855
171,21,1.2857142857142858
440,21,2.142857142857143
1400,21,1.7142857142857142
2523,21,1.3333333333333333
2534,21,3.5714285714285716
2545,21,0.8095238095238095
1348,21,4.095238095238095
446,21,1.8095238095238095
2551,21,1.3333333333333333
2552,21,5.0
2554,21,1.2857142857142858
2556,21,2.9047619047619047
2558,21,0.7142857142857143
1372,21,2.3333333333333335
162,21,1.1904761904761905
2570,21,1.1904761904761905
2572,21,1.7142857142857142
2573,21,3.1904761904761907
1356,21,3.0
1353,21,2.380952380952381
2589,21,2.142857142857143
2577,21,2.380952380952381
2319,21,1.8095238095238095
418,21,2.7142857142857144
2203,21,1.8571428571428572
1754,21,5.619047619047619
253,21,1.7142857142857142
1758,21,1.2380952380952381
1759,21,1.7619047619047619
1760,21,2.0476190476190474
2130,21,1.2857142857142858
2129,21,1.7142857142857142
2127,21,1.6666666666666667
2123,21,2.9047619047619047
2120,21,3.9523809523809526
3647,21,1.4285714285714286
2118,21,1.4285714285714286
2117,21,2.238095238095238
1785,21,3.5714285714285716
1786,21,1.0952380952380953
2113,21,2.3333333333333335
2110,21,1.8571428571428572
2102,21,4.619047619047619
2093,21,1.8571428571428572
1751,21,3.5714285714285716
251,21,1.2380952380952381
2144,21,2.6666666666666665
355,21,3.238095238095238
3629,21,1.3333333333333333
359,21,1.619047619047619
1707,21,4.380952380952381
2192,21,1.4761904761904763
238,21,3.5238095238095237
240,21,2.5238095238095237
2185,21,1.9047619047619047
2184,21,0.14285714285714285
2182,21,2.3333333333333335
1742,21,2.8095238095238093
4152,21,0.14285714285714285
353,21,1.2380952380952381
1727,21,1.2380952380952381
2173,21,2.7142857142857144
2172,21,2.857142857142857
1734,21,2.8095238095238093
2161,21,1.9523809523809523
1739,21,1.5238095238095237
2086,21,1.8571428571428572
1803,21,2.3333333333333335
325,21,2.5714285714285716
292,21,2.4285714285714284
1895,21,5.333333333333333
1968,21,2.0
1964,21,1.5714285714285714
1902,21,2.0
288,21,3.0476190476190474
4220,21,1.0952380952380953
1910,21,2.5714285714285716
1953,21,0.5238095238095238
1913,21,2.8095238095238093
1890,21,3.0476190476190474
309,21,2.2857142857142856
296,21,1.6666666666666667
297,21,2.0
1922,21,1.0476190476190477
1939,21,1.3333333333333333
1925,21,1.6666666666666667
305,21,2.761904761904762
1937,21,2.9523809523809526
1893,21,1.9047619047619047
4207,21,1.9047619047619047
324,21,2.9047619047619047
1858,21,1.9523809523809523
2065,21,4.380952380952381
1825,21,1.5238095238095237
1827,21,2.9523809523809526
1830,21,2.3333333333333335
271,21,0.7619047619047619
2048,21,3.0476190476190474
1833,21,2.0952380952380953
1847,21,0.9047619047619048
2013,21,1.8095238095238095
1884,21,1.2857142857142858
1865,21,0.8095238095238095
2009,21,2.3333333333333335
2008,21,0.9523809523809523
2002,21,2.1904761904761907
1877,21,3.4285714285714284
1878,21,2.5238095238095237
1998,21,0.7142857142857143
283,21,3.380952380952381
1702,21,1.4761904761904763
2206,21,3.4761904761904763
1476,21,4.571428571428571
1696,21,3.0
4115,21,2.5714285714285716
2374,21,1.0476190476190477
1530,21,2.1904761904761907
2368,21,2.7142857142857144
404,21,1.4285714285714286
402,21,2.1904761904761907
1540,21,3.9523809523809526
212,21,4.476190476190476
401,21,2.6666666666666665
2360,21,3.0476190476190474
2357,21,0.8571428571428571
214,21,2.238095238095238
1550,21,1.619047619047619
215,21,2.380952380952381
398,21,2.7142857142857144
1556,21,3.6666666666666665
2347,21,1.0952380952380953
2345,21,3.4761904761904763
1560,21,2.6666666666666665
2380,21,4.238095238095238
1520,21,4.142857142857143
1519,21,0.38095238095238093
2430,21,2.0
2455,21,1.380952380952381
2452,21,2.857142857142857
2448,21,3.4761904761904763
1480,21,2.2857142857142856
1485,21,2.0476190476190474
2444,21,2.0476190476190474
194,21,1.4761904761904763
1489,21,2.5238095238095237
2422,21,2.2857142857142856
1518,21,0.8095238095238095
2417,21,1.4285714285714286
199,21,0.8095238095238095
200,21,1.3333333333333333
412,21,1.7619047619047619
202,21,3.761904761904762
409,21,1.9523809523809523
2391,21,2.0952380952380953
1511,21,1.7619047619047619
1562,21,3.6666666666666665
2342,21,2.0
2339,21,0.7142857142857143
2237,21,1.2857142857142858
4141,21,4.190476190476191
375,21,2.8095238095238093
1646,21,2.4761904761904763
2253,21,2.7142857142857144
1649,21,2.0476190476190474
2252,21,3.5238095238095237
2247,21,3.7142857142857144
2241,21,3.380952380952381
2231,21,1.2857142857142858
2261,21,4.476190476190476
1672,21,6.095238095238095
2230,21,2.5714285714285716
1674,21,3.6666666666666665
1684,21,3.2857142857142856
234,21,1.6666666666666667
2212,21,2.3333333333333335
1692,21,1.4285714285714286
1695,21,1.5238095238095237
2257,21,3.9047619047619047
2263,21,0.42857142857142855
1573,21,1.4761904761904763
3754,21,2.4761904761904763
1574,21,1.8095238095238095
2330,21,2.380952380952381
2328,21,6.0
2318,21,2.380952380952381
386,21,1.7619047619047619
1596,21,2.619047619047619
4128,21,1.7142857142857142
1601,21,3.7142857142857144
2300,21,2.4285714285714284
2264,21,1.0952380952380953
2289,21,3.9047619047619047
224,21,2.2857142857142856
3626,21,1.380952380952381
225,21,1.0476190476190477
1627,21,2.0952380952380953
4288,21,0.7619047619047619
4137,21,0.38095238095238093
1632,21,2.9523809523809526
1276,21,1.4761904761904763
1274,21,1.5238095238095237
2691,21,2.5714285714285716
1069,21,2.6666666666666665
2933,21,0.8571428571428571
2926,21,1.6666666666666667
839,21,1.0476190476190477
3668,21,1.8571428571428572
521,21,0.9047619047619048
2921,21,3.5238095238095237
836,21,3.380952380952381
2851,21,1.0476190476190477
833,21,3.0
1077,21,1.8095238095238095
3271,21,1.4761904761904763
829,21,2.761904761904762
828,21,2.0
1083,21,0.7142857142857143
842,21,5.0
52,21,3.4761904761904763
3258,21,1.2857142857142858
2938,21,2.1904761904761907
576,21,0.7142857142857143
3249,21,1.5238095238095237
522,21,2.5714285714285716
1054,21,2.0476190476190474
523,21,3.7142857142857144
2939,21,2.238095238095238
2940,21,1.0476190476190477
2953,21,2.0952380952380953
849,21,1.7619047619047619
3245,21,3.857142857142857
1043,21,1.9523809523809523
852,21,2.3333333333333335
2961,21,1.6666666666666667
3603,21,1.4761904761904763
1085,21,4.0
587,21,1.9523809523809523
805,21,1.7142857142857142
3663,21,2.619047619047619
1123,21,2.8095238095238093
3335,21,1.8571428571428572
775,21,2.380952380952381
3333,21,3.6666666666666665
505,21,2.7142857142857144
3328,21,1.619047619047619
3317,21,2.9047619047619047
3118,21,2.3333333333333335
2869,21,2.0
798,21,2.1904761904761907
804,21,1.0
1111,21,1.6666666666666667
2877,21,3.238095238095238
3298,21,1.5714285714285714
2897,21,2.761904761904762
3295,21,0.47619047619047616
1106,21,0.7619047619047619
509,21,2.761904761904762
1100,21,1.4285714285714286
2884,21,1.0952380952380953
811,21,3.4761904761904763
511,21,1.619047619047619
812,21,1.7142857142857142
1097,21,1.1428571428571428
105,21,2.0952380952380953
1095,21,3.4761904761904763
814,21,1.6666666666666667
1091,21,3.9523809523809526
815,21,2.9047619047619047
526,21,2.1904761904761907
527,21,2.1904761904761907
1038,21,5.904761904761905
3141,21,2.2857142857142856
3048,21,3.761904761904762
78,21,1.4761904761904763
901,21,0.3333333333333333
77,21,3.2857142857142856
902,21,3.5714285714285716
3165,21,2.238095238095238
909,21,0.7142857142857143
911,21,2.3333333333333335
3915,21,1.5714285714285714
916,21,0.6190476190476191
3062,21,0.9047619047619048
3070,21,2.0
917,21,1.2857142857142858
67,21,0.7142857142857143
542,21,3.238095238095238
3040,21,2.9523809523809526
3074,21,2.380952380952381
544,21,3.2857142857142856
3139,21,3.7142857142857144
926,21,2.5238095238095237
929,21,2.4285714285714284
3134,21,2.1904761904761907
3130,21,1.7619047619047619
3101,21,2.619047619047619
3105,21,1.4761904761904763
3114,21,0.6666666666666666
554,21,0.14285714285714285
951,21,0.42857142857142855
69,21,2.5238095238095237
3771,21,0.0
3955,21,2.238095238095238
3038,21,4.904761904761905
574,21,0.7619047619047619
1019,21,4.9523809523809526
856,21,3.0
1036,21,5.809523809523809
2971,21,3.8095238095238093
3884,21,1.8571428571428572
3223,21,3.0476190476190474
2977,21,1.9523809523809523
3211,21,1.1904761904761905
1029,21,1.2380952380952381
571,21,1.2380952380952381
870,21,2.9523809523809526
3200,21,1.4285714285714286
2989,21,2.9523809523809526
1020,21,2.0476190476190474
878,21,2.5238095238095237
3597,21,1.8095238095238095
3035,21,2.238095238095238
1017,21,4.428571428571429
879,21,1.619047619047619
3004,21,1.619047619047619
1008,21,1.4285714285714286
884,21,3.1904761904761907
62,21,2.9047619047619047
888,21,1.7142857142857142
3015,21,1.5714285714285714
566,21,2.0952380952380953
562,21,2.619047619047619
561,21,2.142857142857143
998,21,3.2857142857142856
534,21,1.5714285714285714
535,21,3.0476190476190474
3683,21,1.380952380952381
791,21,3.238095238095238
504,21,2.619047619047619
3499,21,0.7142857142857143
485,21,2.0952380952380953
686,21,1.8095238095238095
687,21,1.5238095238095237
2746,21,3.0476190476190474
488,21,0.47619047619047616
1219,21,1.0476190476190477
3460,21,1.9523809523809523
1218,21,1.7619047619047619
2774,21,2.4285714285714284
1215,21,0.0
1214,21,2.238095238095238
2781,21,2.8095238095238093
491,21,2.5238095238095237
699,21,1.2380952380952381
700,21,2.1904761904761907
1208,21,2.8095238095238093
2782,21,1.5714285714285714
1206,21,3.8095238095238093
1202,21,3.857142857142857
3337,21,1.5714285714285714
494,21,5.0476190476190474
126,21,2.1904761904761907
1198,21,1.619047619047619
2790,21,3.4285714285714284
2792,21,3.619047619047619
124,21,0.7619047619047619
2796,21,1.5714285714285714
3451,21,1.5238095238095237
3446,21,2.3333333333333335
2737,21,3.238095238095238
3508,21,0.0
3804,21,0.7142857142857143
1236,21,1.1904761904761905
3777,21,1.4285714285714286
4404,21,1.3333333333333333
3554,21,3.2857142857142856
143,21,4.523809523809524
1265,21,1.4285714285714286
3552,21,1.8571428571428572
628,21,1.5714285714285714
647,21,2.238095238095238
3541,21,1.0952380952380953
477,21,2.3333333333333335
1258,21,1.4285714285714286
1256,21,1.5714285714285714
1255,21,3.3333333333333335
139,21,3.0
480,21,3.142857142857143
654,21,1.6666666666666667
2710,21,1.7619047619047619
2714,21,1.7142857142857142
656,21,1.9523809523809523
2722,21,2.761904761904762
659,21,1.380952380952381
2725,21,3.0952380952380953
4048,21,1.7619047619047619
3527,21,3.5714285714285716
671,21,2.6666666666666665
1240,21,0.7142857142857143
4044,21,0.5238095238095238
12,21,1.5238095238095237
674,21,1.0952380952380953
1190,21,2.4285714285714284
3454,21,1.0
72,21,2.761904761904762
607,21,1.5238095238095237
4022,21,0.19047619047619047
4020,21,0.2857142857142857
757,21,2.9523809523809526
726,21,2.8095238095238093
755,21,1.8095238095238095
2835,21,2.0476190476190474
119,21,1.7619047619047619
3840,21,1.4761904761904763
1143,21,1.7142857142857142
728,21,1.0952380952380953
2831,21,1.5714285714285714
747,21,2.0
762,21,1.5238095238095237
1163,21,2.3333333333333335
26,21,2.8095238095238093
1149,21,2.5714285714285716
118,21,1.4761904761904763
736,21,3.857142857142857
746,21,5.285714285714286
2824,21,1.619047619047619
1152,21,1.2857142857142858
2829,21,0.7619047619047619
739,21,1.5714285714285714
744,21,2.0476190476190474
4028,21,0.38095238095238093
1171,21,2.3333333333333335
1154,21,2.238095238095238
716,21,0.5238095238095238
2807,21,1.9523809523809523
1186,21,3.7142857142857144
2804,21,3.5714285714285716
1179,21,1.380952380952381
2841,21,1.380952380952381
1136,21,2.7142857142857144
2809,21,2.4761904761904763
4019,21,2.0952380952380953
609,21,3.0952380952380953
36,21,3.380952380952381
122,21,1.8571428571428572
113,21,2.142857142857143
765,21,1.7619047619047619
2814,21,2.6666666666666665
3815,21,2.0
3350,21,2.5714285714285716
1184,21,2.857142857142857
2303,20,1.2
3745,20,2.45
789,20,2.35
1647,20,0.8
3330,20,0.8
1631,20,3.05
3158,20,1.9
753,20,2.2
643,20,3.95
1779,20,2.45
1921,20,0.75
380,20,2.55
3869,20,2.35
627,20,2.15
937,20,3.2
278,20,4.0
1905,20,2.65
717,20,1.45
867,20,2.6
2207,20,0.8
2040,20,0.8
2032,20,2.25
1703,20,2.85
3270,20,0.95
1873,20,2.2
3273,20,0.15
319,20,2.15
1718,20,1.2
358,20,1.1
3428,20,0.55
708,20,0.85
3442,20,0.5
365,20,1.05
3799,20,2.5
1655,20,0.6
4147,20,0.8
3174,20,0.5
3438,20,1.05
4208,20,1.55
1891,20,3.95
825,20,2.45
617,20,1.55
3483,20,2.4
1685,20,1.3
4148,20,0.15
3467,20,1.4
2215,20,0.4
4155,20,0.15
3410,20,1.35
4154,20,0.85
3787,20,2.55
4696,20,0.0
3662,20,3.75
4101,20,3.85
2587,20,2.15
1355,20,0.2
3093,20,0.95
211,20,1.85
1360,20,1.75
3948,20,1.05
1181,20,4.2
3724,20,0.3
391,20,4.95
4311,20,3.3
1164,20,2.4
2338,20,1.85
978,20,2.45
3001,20,0.2
3060,20,2.3
3003,20,0.9
1112,20,2.8
1558,20,1.5
4095,20,1.35
4017,20,1.05
3014,20,0.45
2797,20,1.1
1424,20,1.3
406,20,2.5
1474,20,1.6
3658,20,0.6
1263,20,1.35
479,20,3.1
1293,20,1.55
3620,20,0.35
1058,20,1.65
1063,20,2.5
2730,20,4.45
1026,20,5.25
4077,20,1.85
133,20,1.4
2898,20,1.5
2759,20,2.8
2462,19,0.3684210526315789
110,19,3.9473684210526314
4673,19,0.15789473684210525
3646,19,0.6842105263157895
778,19,1.105263157894737
1423,19,0.3157894736842105
2119,19,3.8947368421052633
2409,19,0.47368421052631576
827,19,1.3157894736842106
1762,19,2.0526315789473686
2132,19,0.5789473684210527
3876,19,1.2105263157894737
4449,19,0.47368421052631576
821,19,3.789473684210526
824,19,0.631578947368421
799,19,3.4210526315789473
800,19,1.4210526315789473
429,19,2.473684210526316
3346,19,3.6842105263157894
3498,19,1.5263157894736843
4031,19,0.9473684210526315
613,19,4.2105263157894735
1989,19,0.7894736842105263
1226,19,2.0526315789473686
2740,19,1.8421052631578947
1965,19,3.9473684210526314
149,19,1.8421052631578947
3708,19,1.9473684210526316
2735,19,0.2631578947368421
3525,19,1.7894736842105263
7,19,0.47368421052631576
2724,19,2.1052631578947367
4543,19,0.631578947368421
1918,19,2.1052631578947367
1876,19,0.8421052631578947
713,19,1.6842105263157894
2586,19,2.6842105263157894
4026,19,1.5789473684210527
1380,19,0.9473684210526315
445,19,1.1578947368421053
2057,19,1.368421052631579
3385,19,1.4210526315789473
1150,19,0.47368421052631576
1704,19,1.894736842105263
748,19,0.7368421052631579
1145,19,2.1052631578947367
2518,19,1.4736842105263157
758,19,0.7368421052631579
759,19,1.8421052631578947
2839,19,0.2631578947368421
1795,19,2.210526315789474
239,19,1.105263157894737
943,19,1.9473684210526316
3095,19,2.210526315789474
1592,19,3.263157894736842
2363,19,1.0
3670,19,0.21052631578947367
368,19,3.526315789473684
872,19,3.6842105263157894
3899,19,1.736842105263158
927,19,0.15789473684210525
4127,19,1.1578947368421053
3113,19,2.0526315789473686
1641,19,0.5789473684210527
3220,19,0.7894736842105263
1605,19,4.052631578947368
3140,19,0.6842105263157895
942,19,0.9473684210526315
538,19,3.6315789473684212
1594,19,1.8421052631578947
3161,19,3.6842105263157894
2579,18,1.3888888888888888
2022,18,4.055555555555555
3591,18,1.8888888888888888
2801,18,1.4444444444444444
127,18,3.3333333333333335
279,18,3.0
2326,18,1.0555555555555556
3924,18,2.0555555555555554
3637,18,1.8333333333333333
3614,18,2.3333333333333335
3800,18,4.055555555555555
2592,18,1.9444444444444444
2576,18,2.1666666666666665
4087,18,0.6666666666666666
2011,18,0.7222222222222222
22,18,1.0555555555555556
2563,18,3.111111111111111
2025,18,1.6111111111111112
276,18,2.9444444444444446
4090,18,1.2777777777777777
267,18,1.2777777777777777
3827,18,1.1111111111111112
3395,18,3.9444444444444446
2547,18,1.6666666666666667
3398,18,0.9444444444444444
216,18,2.6666666666666665
3820,18,2.2222222222222223
25,18,2.2777777777777777
4126,18,2.2777777777777777
4199,18,1.6666666666666667
120,18,1.1111111111111112
4140,18,2.7222222222222223
2557,18,4.833333333333333
2811,18,2.611111111111111
3426,18,4.222222222222222
2037,18,2.611111111111111
2606,18,3.0
2033,18,3.2777777777777777
2332,18,2.388888888888889
68,18,1.7222222222222223
2271,18,3.5
2387,18,2.6666666666666665
2610,18,3.111111111111111
2736,18,1.0
2295,18,3.2222222222222223
3511,18,1.3888888888888888
1962,18,3.0555555555555554
2660,18,2.3333333333333335
2297,18,1.1666666666666667
4058,18,2.6666666666666665
3517,18,1.6666666666666667
3104,18,3.4444444444444446
3111,18,3.388888888888889
3128,18,2.5555555555555554
1945,18,1.6111111111111112
2306,18,2.4444444444444446
2720,18,2.7777777777777777
2709,18,1.3333333333333333
3533,18,3.0
2310,18,3.4444444444444446
2681,18,1.7777777777777777
2703,18,2.2777777777777777
140,18,3.8333333333333335
2694,18,1.7222222222222223
2687,18,0.16666666666666666
4070,18,0.0
2293,18,3.6666666666666665
2274,18,1.7777777777777777
15,18,2.5555555555555554
2276,18,2.5
1994,18,2.0
2067,18,0.16666666666666666
3131,18,0.7777777777777778
2770,18,1.2222222222222223
1988,18,4.111111111111111
17,18,0.8333333333333334
2279,18,2.2222222222222223
3099,18,0.16666666666666666
3491,18,1.2777777777777777
2744,18,0.6111111111111112
2743,18,3.111111111111111
223,18,2.9444444444444446
3492,18,1.8333333333333333
287,18,1.2222222222222223
3789,18,2.0555555555555554
2631,18,1.0555555555555556
1970,18,1.8333333333333333
3100,18,3.611111111111111
1967,18,0.8888888888888888
3625,18,2.7777777777777777
3951,18,1.3888888888888888
3168,18,0.5555555555555556
2540,18,1.2777777777777777
2211,18,1.3888888888888888
4012,18,1.2222222222222223
58,18,4.055555555555555
2460,18,3.0
2165,18,2.0
3981,18,3.1666666666666665
2905,18,1.2222222222222223
2984,18,1.0
59,18,1.7777777777777777
3284,18,2.111111111111111
3873,18,1.5
2891,18,2.0
42,18,1.5
249,18,3.5555555555555554
2471,18,2.3333333333333335
3290,18,2.888888888888889
183,18,2.888888888888889
3297,18,1.0555555555555556
2139,18,2.2222222222222223
2135,18,3.5555555555555554
2486,18,1.0
2878,18,2.388888888888889
2491,18,2.1666666666666665
2457,18,0.9444444444444444
2909,18,2.5
2912,18,0.8333333333333334
2174,18,2.2222222222222223
3239,18,1.5
208,18,3.0
2197,18,3.3333333333333335
2389,18,1.4444444444444444
2402,18,3.0
2960,18,5.166666666666667
3231,18,1.1666666666666667
2189,18,2.7777777777777777
2382,18,4.222222222222222
2956,18,2.111111111111111
2428,18,3.388888888888889
2429,18,3.2777777777777777
195,18,3.611111111111111
3984,18,0.4444444444444444
3217,18,2.2777777777777777
193,18,1.7222222222222223
2180,18,1.2222222222222223
49,18,1.4444444444444444
3768,18,0.5
2381,18,1.2777777777777777
2913,18,2.5
43,18,1.3888888888888888
3975,18,1.7777777777777777
3374,18,0.7777777777777778
3175,18,0.7222222222222222
2109,18,4.555555555555555
3753,18,2.6666666666666665
2101,18,2.0555555555555554
258,18,1.2222222222222223
3179,18,4.444444444444445
3032,18,1.3888888888888888
2513,18,0.1111111111111111
2242,18,1.7777777777777777
33,18,2.9444444444444446
2088,18,3.0555555555555554
213,18,2.3333333333333335
2371,18,3.2222222222222223
2356,18,1.5555555555555556
3364,18,3.7777777777777777
2249,18,1.0
2079,18,2.3333333333333335
2833,18,2.1666666666666665
3033,18,2.9444444444444446
3370,18,2.611111111111111
2072,18,1.3333333333333333
3238,18,2.388888888888889
2343,18,2.2777777777777777
2847,18,2.4444444444444446
2850,18,2.7777777777777777
2855,18,2.2222222222222223
3184,18,1.3333333333333333
3191,18,1.7777777777777777
2217,18,1.7777777777777777
1933,18,3.5555555555555554
3006,18,1.3333333333333333
3307,18,0.5555555555555556
3308,18,3.5
3309,18,1.3333333333333333
2125,18,1.6111111111111112
2864,18,2.0
2495,18,2.8333333333333335
2221,18,1.3888888888888888
2121,18,1.8333333333333333
3857,18,1.4444444444444444
3323,18,1.6111111111111112
3605,18,1.0555555555555556
177,18,1.0
2225,18,1.6111111111111112
3901,18,1.0555555555555556
4121,18,0.3333333333333333
2856,18,2.388888888888889
3031,18,0.5
3122,18,2.888888888888889
3559,18,1.8888888888888888
1932,18,2.111111111111111
4398,18,0.6111111111111112
1303,18,2.2777777777777777
1304,18,0.4444444444444444
1311,18,4.111111111111111
1792,18,1.0555555555555556
1344,18,2.611111111111111
1351,18,3.1666666666666665
3694,18,2.9444444444444446
449,18,3.888888888888889
1790,18,2.1666666666666665
330,18,2.1666666666666665
1363,18,3.5
448,18,2.5
1788,18,2.7222222222222223
1373,18,1.8888888888888888
1377,18,3.3333333333333335
1385,18,1.1666666666666667
1778,18,2.1666666666666665
1772,18,1.4444444444444444
1395,18,1.6111111111111112
439,18,2.888888888888889
4258,18,2.0
1799,18,2.8333333333333335
1281,18,1.1666666666666667
438,18,2.1666666666666665
1267,18,2.1666666666666665
1133,18,2.611111111111111
1137,18,2.7777777777777777
4421,18,0.8888888888888888
4420,18,0.3333333333333333
1180,18,1.6111111111111112
1189,18,4.055555555555555
1191,18,1.2777777777777777
1193,18,2.3333333333333335
1201,18,3.0555555555555554
1210,18,2.1666666666666665
1221,18,4.722222222222222
1698,18,3.0
4244,18,2.8333333333333335
1231,18,0.8333333333333334
3644,18,1.9444444444444444
1237,18,2.2222222222222223
1802,18,1.8888888888888888
1239,18,1.6111111111111112
1249,18,3.2777777777777777
1253,18,2.1666666666666665
4406,18,0.3888888888888889
1405,18,1.7222222222222223
1409,18,3.4444444444444446
1101,18,5.055555555555555
1517,18,2.388888888888889
1542,18,2.111111111111111
400,18,1.3888888888888888
399,18,0.16666666666666666
1549,18,1.2222222222222223
1578,18,1.6111111111111112
1580,18,1.7222222222222223
3651,18,2.0
3744,18,0.16666666666666666
384,18,3.6666666666666665
1722,18,1.5555555555555556
382,18,2.9444444444444446
1719,18,1.6111111111111112
1604,18,2.2222222222222223
1606,18,2.0555555555555554
1711,18,1.8888888888888888
1622,18,3.0555555555555554
4635,18,0.2777777777777778
1638,18,1.8333333333333333
1657,18,0.2222222222222222
4275,18,1.1111111111111112
370,18,2.111111111111111
1531,18,3.0555555555555554
1514,18,2.4444444444444446
1412,18,1.1666666666666667
4652,18,0.2222222222222222
1417,18,0.6666666666666666
1756,18,2.2777777777777777
1420,18,0.4444444444444444
1448,18,0.5
1449,18,1.5555555555555556
420,18,1.5555555555555556
1462,18,7.0
1468,18,3.1666666666666665
4333,18,1.0
1748,18,3.0555555555555554
1747,18,2.4444444444444446
343,18,1.0
1478,18,3.9444444444444446
1486,18,2.6666666666666665
1743,18,1.8888888888888888
1488,18,2.7222222222222223
1497,18,2.2777777777777777
1499,18,2.5
1502,18,3.6666666666666665
1508,18,1.0555555555555556
1512,18,1.1111111111111112
1121,18,3.388888888888889
1228,18,1.7222222222222223
858,18,2.7222222222222223
846,18,0.16666666666666666
776,18,3.2222222222222223
598,18,2.4444444444444446
787,18,3.4444444444444446
792,18,3.5555555555555554
794,18,2.0
795,18,3.0555555555555554
808,18,1.5555555555555556
809,18,3.8333333333333335
578,18,2.111111111111111
848,18,2.3333333333333335
3684,18,2.1666666666666665
857,18,3.888888888888889
862,18,1.7777777777777777
866,18,2.7777777777777777
569,18,2.888888888888889
885,18,2.611111111111111
895,18,0.0
903,18,1.5555555555555556
1869,18,1.7777777777777777
558,18,2.611111111111111
770,18,2.7222222222222223
761,18,2.7222222222222223
556,18,1.3888888888888888
611,18,2.611111111111111
636,18,1.9444444444444444
4555,18,0.7777777777777778
1924,18,1.1111111111111112
657,18,3.1666666666666665
660,18,2.9444444444444446
670,18,1.0
677,18,2.388888888888889
622,18,1.3888888888888888
694,18,2.5
705,18,1.3888888888888888
4524,18,0.2777777777777778
709,18,0.4444444444444444
712,18,2.0
311,18,2.7777777777777777
724,18,3.1666666666666665
734,18,2.0
740,18,1.2777777777777777
741,18,3.3333333333333335
750,18,1.5555555555555556
4565,18,0.16666666666666666
557,18,0.5555555555555556
1688,18,2.2222222222222223
1030,18,1.0
1002,18,0.6111111111111112
989,18,3.8333333333333335
3674,18,2.388888888888889
4473,18,0.2222222222222222
981,18,2.9444444444444446
1009,18,3.4444444444444446
994,18,2.2777777777777777
975,18,4.888888888888889
1844,18,2.388888888888889
520,18,2.0
973,18,3.0555555555555554
543,18,1.8333333333333333
1835,18,5.111111111111111
954,18,2.1666666666666665
512,18,1.4444444444444444
1007,18,1.3333333333333333
1005,18,1.2222222222222223
1004,18,2.611111111111111
990,18,3.1666666666666665
514,18,1.2222222222222223
4237,18,2.2777777777777777
1199,17,4.176470588235294
1194,17,2.764705882352941
3392,17,1.411764705882353
4117,17,0.47058823529411764
3826,17,1.0
1547,17,1.7058823529411764
1548,17,1.8823529411764706
2786,17,0.23529411764705882
2785,17,1.3529411764705883
3381,17,1.6470588235294117
393,17,2.2941176470588234
23,17,1.0
2367,17,1.2352941176470589
2648,17,1.8235294117647058
1575,17,2.0
4030,17,1.4705882352941178
101,17,2.0588235294117645
2229,17,0.29411764705882354
4144,17,0.058823529411764705
3551,17,1.7647058823529411
111,17,0.9411764705882353
112,17,1.411764705882353
3648,17,0.9411764705882353
1636,17,1.7647058823529411
1618,17,1.6470588235294117
381,17,2.411764705882353
2291,17,1.7647058823529411
4594,17,1.6470588235294117
3479,17,0.9411764705882353
1602,17,2.3529411764705883
3985,17,3.411764705882353
2799,17,0.7058823529411765
707,17,2.1176470588235294
2383,17,2.823529411764706
2436,17,3.5294117647058822
32,17,1.0
3218,17,1.7058823529411764
1387,17,2.4705882352941178
3069,17,0.5294117647058824
1375,17,2.0588235294117645
3181,17,0.8235294117647058
3657,17,1.8823529411764706
3169,17,1.8235294117647058
2665,17,1.2352941176470589
904,17,0.8823529411764706
3163,17,3.8823529411764706
3103,17,1.5294117647058822
3108,17,1.2352941176470589
2593,17,1.7058823529411764
2657,17,1.5294117647058822
1323,17,0.058823529411764705
4775,17,0.4117647058823529
3121,17,0.17647058823529413
4490,17,1.3529411764705883
2541,17,0.9411764705882353
3604,17,1.0
2745,17,2.5294117647058822
2704,17,1.588235294117647
4516,17,0.7647058823529411
2644,17,0.0
3852,17,0.9411764705882353
600,17,5.117647058823529
3963,17,1.7058823529411764
771,17,2.823529411764706
1232,17,2.6470588235294117
2739,17,1.9411764705882353
484,17,1.0588235294117647
2480,17,2.0588235294117645
1238,17,2.7058823529411766
1419,17,0.23529411764705882
3283,17,1.7058823529411764
53,17,1.3529411764705883
437,17,2.3529411764705883
3881,17,0.6470588235294118
1404,17,2.0
2888,17,0.7058823529411765
137,17,2.411764705882353
1894,17,0.17647058823529413
2105,17,1.8823529411764706
1780,17,0.5294117647058824
4209,17,0.5882352941176471
1852,17,1.3529411764705883
275,17,2.6470588235294117
340,17,1.4705882352941178
1831,17,3.235294117647059
1752,17,2.411764705882353
3645,17,0.8823529411764706
1991,17,3.4705882352941178
1881,17,3.823529411764706
2124,17,3.176470588235294
2140,17,1.2941176470588236
4202,17,0.5294117647058824
1930,17,1.3529411764705883
2178,17,1.1764705882352942
2115,17,2.0588235294117645
1142,16,2.5625
3318,16,0.375
3737,16,1.75
3156,16,3.125
1270,16,3.4375
3713,16,1.5625
2688,16,2.625
4294,16,0.1875
593,16,2.3125
3872,16,1.9375
3322,16,0.75
3325,16,1.8125
39,16,2.0625
2047,16,2.9375
2370,16,2.0625
3570,16,1.375
1871,16,1.6875
4300,16,0.8125
961,16,4.25
859,16,3.875
2768,16,2.75
938,16,2.0
1818,16,1.375
874,16,1.875
327,16,2.25
356,16,2.4375
1125,16,1.5
2454,16,0.8125
50,16,3.9375
430,16,2.8125
3087,16,2.3125
1609,16,0.5
1541,16,4.25
583,16,0.3125
565,16,1.5625
4856,16,0.0
2470,16,2.375
468,16,1.4375
3021,16,1.0
3564,16,1.25
2236,16,3.25
706,16,2.3125
3358,16,0.3125
1767,16,1.0
3011,16,1.125
1342,16,1.0
3630,16,1.625
1509,16,3.5625
373,16,2.875
2588,16,0.8125
3997,16,1.875
3528,16,2.5
2567,16,2.8125
2972,16,1.375
3555,16,2.0625
1378,16,0.0625
2916,16,1.125
2385,16,3.6875
906,16,1.5625
1909,16,2.6875
3378,16,1.8125
3380,16,0.8125
3839,16,0.4375
2254,16,2.75
2045,16,2.9375
4142,16,0.8125
1309,16,1.0625
1312,16,2.1875
3026,16,0.3125
1957,16,0.375
1306,16,1.125
2024,16,0.4375
2962,15,1.6666666666666667
1178,15,2.466666666666667
635,15,2.933333333333333
2806,15,2.4
4185,15,2.0
1187,15,2.066666666666667
1042,15,1.1333333333333333
2813,15,2.8666666666666667
1048,15,2.3333333333333335
3991,15,2.3333333333333335
3660,15,3.1333333333333333
2818,15,1.2666666666666666
1072,15,3.3333333333333335
2826,15,1.0
92,15,1.8666666666666667
1103,15,3.1333333333333333
99,15,1.8
115,15,2.533333333333333
2852,15,1.1333333333333333
1826,15,3.7333333333333334
4003,15,1.5333333333333334
1082,15,1.4
4429,15,1.8666666666666667
2205,15,1.1333333333333333
1061,15,5.333333333333333
1114,15,2.0
1078,15,2.4
508,15,1.0666666666666667
1141,15,2.066666666666667
2204,15,2.2666666666666666
2800,15,3.0
1819,15,2.2666666666666666
2675,15,2.466666666666667
2091,15,0.2
4059,15,0.4666666666666667
1793,15,1.1333333333333333
2646,15,0.4
2641,15,2.466666666666667
2633,15,2.2
4076,15,3.3333333333333335
2623,15,3.3333333333333335
1322,15,0.6666666666666666
1330,15,1.4
2614,15,3.7333333333333334
2613,15,2.3333333333333335
2609,15,2.533333333333333
1336,15,2.8666666666666667
2598,15,1.7333333333333334
2597,15,0.8
1346,15,1.1333333333333333
451,15,1.2
2583,15,1.5333333333333334
4381,15,1.8666666666666667
1367,15,2.933333333333333
4379,15,1.0
1371,15,1.3333333333333333
2560,15,4.2
4396,15,1.2
2683,15,1.2666666666666666
2089,15,1.8666666666666667
2738,15,1.8
1196,15,4.2
2788,15,1.2
2068,15,1.6
1812,15,1.4
2783,15,2.0
4407,15,1.1333333333333333
1224,15,2.0
2753,15,2.066666666666667
2751,15,1.4666666666666666
1810,15,1.7333333333333334
2076,15,0.8
1040,15,6.133333333333334
2689,15,2.533333333333333
262,15,2.7333333333333334
1243,15,1.7333333333333334
1244,15,1.1333333333333333
2723,15,1.2
1246,15,1.8
4595,15,0.8
481,15,3.8666666666666667
2702,15,1.2
2699,15,2.466666666666667
2698,15,1.6666666666666667
1269,15,2.4
90,15,2.466666666666667
3593,15,3.4
2966,15,3.4
3260,15,2.3333333333333335
4704,15,0.13333333333333333
3833,15,0.3333333333333333
3377,15,2.066666666666667
3369,15,0.4
4221,15,0.2
3360,15,2.1333333333333333
3349,15,0.8
3850,15,2.066666666666667
4212,15,1.6
1972,15,0.8666666666666667
774,15,2.3333333333333335
779,15,0.8
1892,15,1.4666666666666666
40,15,1.7333333333333334
3748,15,0.7333333333333333
3306,15,1.6
807,15,1.8
3287,15,0.9333333333333333
819,15,2.466666666666667
3281,15,1.6666666666666667
823,15,2.0
3874,15,0.7333333333333333
3274,15,0.4
581,15,1.8666666666666667
3272,15,0.8666666666666667
832,15,1.2
3266,15,1.4
3830,15,2.4
3829,15,1.2
605,15,0.4666666666666667
3487,15,2.466666666666667
3558,15,0.7333333333333333
641,15,1.7333333333333334
3545,15,1.8
648,15,1.2
651,15,2.3333333333333335
3703,15,0.6666666666666666
3523,15,0.0
3519,15,1.4666666666666666
3506,15,1.9333333333333333
1943,15,1.5333333333333334
684,15,1.9333333333333333
3489,15,2.6
4218,15,1.6666666666666667
4527,15,0.2
3798,15,1.1333333333333333
696,15,0.8
3457,15,1.4
3456,15,2.066666666666667
18,15,2.1333333333333333
4216,15,0.6666666666666666
3444,15,1.7333333333333334
3433,15,0.4
719,15,3.066666666666667
3423,15,0.06666666666666667
732,15,2.7333333333333334
3823,15,1.9333333333333333
843,15,4.466666666666667
3259,15,0.4
2970,15,2.533333333333333
54,15,3.466666666666667
962,15,2.1333333333333333
3935,15,1.0666666666666667
3089,15,1.2666666666666666
3084,15,1.0666666666666667
3592,15,3.2
2018,15,1.2
974,15,2.533333333333333
3677,15,2.533333333333333
983,15,2.3333333333333335
3732,15,0.5333333333333333
988,15,1.4666666666666666
991,15,3.7333333333333334
536,15,2.8
995,15,3.066666666666667
1001,15,0.6666666666666666
3025,15,2.0
3769,15,1.6
3965,15,3.066666666666667
3017,15,2.8
3009,15,0.5333333333333333
2038,15,2.4
3005,15,1.8
2994,15,2.8
3976,15,0.9333333333333333
2980,15,1.3333333333333333
87,15,3.4
3983,15,2.2666666666666666
550,15,3.8666666666666667
957,15,4.533333333333333
3109,15,1.0
568,15,2.7333333333333334
3571,15,3.4
1882,15,2.466666666666667
3242,15,3.0
4204,15,2.4
3237,15,2.2666666666666666
57,15,1.6666666666666667
3575,15,1.3333333333333333
3577,15,2.8666666666666667
3219,15,2.0
4507,15,0.3333333333333333
865,15,1.4
2000,15,1.8666666666666667
63,15,3.6666666666666665
953,15,2.933333333333333
3171,15,1.2666666666666666
3170,15,2.2666666666666666
3909,15,0.3333333333333333
913,15,1.7333333333333334
3148,15,1.8666666666666667
1867,15,1.0666666666666667
922,15,0.5333333333333333
1866,15,0.6
3125,15,2.4
3927,15,1.5333333333333334
2012,15,0.4
70,15,3.533333333333333
4376,15,0.6
1117,15,2.533333333333333
2309,15,2.6
1454,15,4.266666666666667
4274,15,0.9333333333333333
232,15,1.6
4170,15,4.066666666666666
2138,15,1.6666666666666667
173,15,1.0
3717,15,0.6
1615,15,1.6666666666666667
2386,15,2.1333333333333333
2439,15,1.6
1611,15,3.4
4276,15,1.5333333333333334
2159,15,0.8666666666666667
1567,15,1.9333333333333333
2162,15,1.0666666666666667
2353,15,3.533333333333333
2379,15,2.6666666666666665
2321,15,1.8
2239,15,2.933333333333333
4092,15,0.2
1717,15,1.9333333333333333
2294,15,1.4
2425,15,1.8
1431,15,2.8
2424,15,2.0
4133,15,0.0
2493,15,2.533333333333333
2305,15,3.533333333333333
2432,15,4.066666666666666
247,15,0.0
1422,15,1.4
2181,15,2.7333333333333334
1669,15,4.0
1444,15,0.0
4172,15,0.4
2316,15,0.06666666666666667
1675,15,0.2
2451,15,2.533333333333333
1513,15,2.2666666666666666
1437,15,1.8
366,15,2.2
2208,15,2.8
167,15,2.3333333333333335
376,15,2.933333333333333
186,15,2.2666666666666666
2348,15,4.133333333333334
1539,15,1.7333333333333334
1679,15,0.4666666666666667
422,15,1.0666666666666667
1544,15,1.2666666666666666
1477,15,0.5333333333333333
1473,15,0.8
2266,15,2.3333333333333335
1731,15,2.1333333333333333
2535,15,0.4666666666666667
2265,15,3.066666666666667
1460,15,2.466666666666667
2453,15,0.6
3615,15,2.3333333333333335
1533,15,2.066666666666667
2464,15,2.2666666666666666
1683,15,2.8666666666666667
1729,15,1.4666666666666666
2269,15,1.0
1650,15,1.0
2147,15,2.8
2358,15,0.7333333333333333
1701,15,2.6
395,15,0.8
1469,15,2.3333333333333335
1096,14,3.142857142857143
323,14,2.7142857142857144
3664,14,2.5714285714285716
2776,14,2.7142857142857144
419,14,3.4285714285714284
360,14,2.357142857142857
4872,14,0.5714285714285714
2769,14,1.4285714285714286
3655,14,1.3571428571428572
590,14,1.0
304,14,1.8571428571428572
2678,14,2.642857142857143
4242,14,1.0714285714285714
138,14,3.4285714285714284
3331,14,1.2142857142857142
185,14,4.357142857142857
1173,14,0.9285714285714286
28,14,2.4285714285714284
3338,14,0.9285714285714286
3569,14,2.4285714285714284
1158,14,1.7857142857142858
731,14,1.6428571428571428
1800,14,1.7857142857142858
723,14,3.2857142857142856
1140,14,0.21428571428571427
2288,14,3.642857142857143
2055,14,4.0
2054,14,1.5
3342,14,0.21428571428571427
802,14,2.5
1126,14,1.0714285714285714
2489,14,0.9285714285714286
610,14,2.2142857142857144
2014,14,0.21428571428571427
2465,14,0.6428571428571429
545,14,0.7857142857142857
3536,14,1.0714285714285714
2612,14,4.428571428571429
572,14,1.3571428571428572
1879,14,2.9285714285714284
1686,14,4.357142857142857
3206,14,2.0714285714285716
869,14,3.857142857142857
2177,14,0.6428571428571429
3065,14,2.2857142857142856
2895,14,0.6428571428571429
3063,14,0.35714285714285715
4504,14,0.6428571428571429
1570,14,0.21428571428571427
2596,14,2.7857142857142856
4125,14,1.9285714285714286
4539,14,0.0
2574,14,0.8571428571428571
3029,14,1.0714285714285714
4175,14,0.42857142857142855
992,14,2.5714285714285716
1361,14,2.0714285714285716
4553,14,2.5714285714285716
4319,14,2.642857142857143
1928,14,4.071428571428571
2636,14,0.2857142857142857
73,14,2.7142857142857144
3735,14,0.21428571428571427
4268,14,0.42857142857142855
4103,14,0.8571428571428571
579,14,3.642857142857143
4444,14,1.4285714285714286
95,14,2.5714285714285716
945,14,0.9285714285714286
3251,14,2.142857142857143
2553,14,3.642857142857143
1059,14,4.357142857142857
3246,14,0.21428571428571427
3722,14,1.7142857142857142
2320,14,0.2857142857142857
243,14,0.21428571428571427
3233,14,3.2142857142857144
1392,14,1.0
2103,14,0.7857142857142857
2620,14,0.8571428571428571
3961,14,1.1428571428571428
3919,13,0.0
3950,13,2.4615384615384617
3090,13,1.4615384615384615
924,13,1.6923076923076923
1898,13,0.7692307692307693
2893,13,3.3076923076923075
2061,13,1.2307692307692308
3036,13,2.076923076923077
1089,13,1.3846153846153846
3286,13,1.6153846153846154
3838,13,0.6153846153846154
2151,13,5.076923076923077
1060,13,1.5384615384615385
2935,13,0.46153846153846156
2438,13,1.9230769230769231
860,13,1.0769230769230769
3228,13,1.3846153846153846
4264,13,0.6923076923076923
2403,13,2.3846153846153846
1134,13,2.076923076923077
2401,13,2.3076923076923075
1822,13,2.1538461538461537
1157,13,0.9230769230769231
408,13,2.6153846153846154
4156,13,0.5384615384615384
2810,13,1.2307692307692308
4232,13,0.6153846153846154
2998,13,2.4615384615384617
1388,13,1.8461538461538463
715,13,1.3076923076923077
1287,13,2.6923076923076925
4051,13,1.1538461538461537
1331,13,3.1538461538461537
2603,13,1.1538461538461537
1242,13,0.9230769230769231
336,13,0.23076923076923078
1432,13,2.0
4529,13,0.3076923076923077
1907,13,2.3846153846153846
3518,13,0.5384615384615384
1354,13,2.3076923076923075
163,13,0.46153846153846156
738,13,2.0
3608,13,0.38461538461538464
672,13,4.0
3557,13,3.3076923076923075
1283,13,2.1538461538461537
2549,13,3.3846153846153846
2634,13,4.0
4176,13,1.5384615384615385
1021,12,1.25
3758,12,1.5833333333333333
882,12,1.75
1028,12,2.1666666666666665
887,12,1.4166666666666667
1875,12,2.4166666666666665
3579,12,2.75
1012,12,0.5
206,12,2.0
3215,12,2.75
532,12,1.0
3204,12,2.0833333333333335
3980,12,2.9166666666666665
4080,12,0.16666666666666666
2992,12,1.9166666666666667
3190,12,1.0
4078,12,1.3333333333333333
1025,12,3.9166666666666665
881,12,1.5
2327,12,2.6666666666666665
3194,12,2.0833333333333335
2986,12,2.6666666666666665
1022,12,2.6666666666666665
3898,12,1.9166666666666667
1034,12,1.9166666666666667
1230,12,2.25
3216,12,2.3333333333333335
3680,12,2.8333333333333335
3482,12,2.75
3236,12,1.5
3481,12,1.6666666666666667
4459,12,1.9166666666666667
615,12,1.1666666666666667
2313,12,3.6666666666666665
3998,12,1.5
2222,12,2.0
461,12,1.0833333333333333
3475,12,1.5833333333333333
3247,12,1.5833333333333333
2931,12,0.5833333333333334
3572,12,1.25
4002,12,0.5
4263,12,2.5833333333333335
3994,12,1.9166666666666667
1416,12,2.5
1413,12,2.5833333333333335
3486,12,2.0
3656,12,2.1666666666666665
861,12,2.3333333333333335
3225,12,2.9166666666666665
1045,12,2.1666666666666665
4320,12,1.0
1326,12,1.9166666666666667
4709,12,0.0
4262,12,3.4166666666666665
2510,12,2.3333333333333335
2322,12,2.0
88,12,2.8333333333333335
205,12,2.0833333333333335
2967,12,1.6666666666666667
274,12,2.1666666666666665
1840,12,2.5
4308,12,1.0833333333333333
3549,12,2.1666666666666665
3937,12,0.75
3547,12,1.0
944,12,3.25
3946,12,3.4166666666666665
2017,12,0.9166666666666666
2532,12,2.1666666666666665
2571,12,2.25
4495,12,1.0
2019,12,1.75
2020,12,1.75
396,12,2.0
405,12,2.0
1923,12,1.0833333333333333
3589,12,2.1666666666666665
4377,12,2.1666666666666665
1551,12,0.5833333333333334
3553,12,3.3333333333333335
1379,12,4.083333333333333
946,12,3.4166666666666665
548,12,1.25
3588,12,2.1666666666666665
4153,12,0.5833333333333334
2548,12,2.3333333333333335
1386,12,2.6666666666666665
947,12,4.0
3115,12,1.6666666666666667
2354,12,2.6666666666666665
552,12,1.5
551,12,3.5833333333333335
363,12,0.08333333333333333
541,12,4.666666666666667
4480,12,1.0833333333333333
254,12,3.5833333333333335
676,12,3.0
918,12,2.0
1352,12,0.9166666666666666
2590,12,2.1666666666666665
3509,12,0.9166666666666666
2521,12,1.5833333333333333
1565,12,1.9166666666666667
905,12,4.0
3586,12,3.0833333333333335
2006,12,1.3333333333333333
2742,12,2.1666666666666665
3966,12,2.5833333333333335
4360,12,0.6666666666666666
1919,12,2.25
1874,12,3.5
1000,12,2.75
999,12,4.5
4116,12,4.166666666666667
349,12,2.8333333333333335
3037,12,1.75
2544,12,1.25
3958,12,3.0
2580,12,1.4166666666666667
625,12,2.3333333333333335
2575,12,0.75
3137,12,1.1666666666666667
4227,12,2.75
350,12,1.8333333333333333
4123,12,0.5
2369,12,3.4166666666666665
3561,12,0.0
933,12,5.0
414,12,1.5833333333333333
1791,12,3.75
2639,12,2.25
2450,12,1.75
3825,12,2.8333333333333335
597,12,1.6666666666666667
4270,12,1.75
3397,12,2.75
1623,12,3.5
1185,12,2.0
4411,12,1.5
4050,12,3.5833333333333335
1896,12,1.5833333333333333
3334,12,0.5833333333333334
1708,12,4.416666666666667
1820,12,5.166666666666667
2476,12,2.75
1195,12,1.0833333333333333
1484,12,2.4166666666666665
2446,12,1.4166666666666667
2707,12,3.5
2706,12,2.0833333333333335
4292,12,3.0
4513,12,1.75
3560,12,1.4166666666666667
2822,12,3.0
2087,12,1.75
117,12,1.75
1264,12,1.75
4624,12,0.0
4072,12,1.3333333333333333
2283,12,0.5
3313,12,3.25
2832,12,2.4166666666666665
3863,12,3.5
1960,12,2.1666666666666665
3851,12,2.1666666666666665
2693,12,1.9166666666666667
2754,12,0.6666666666666666
3841,12,2.1666666666666665
3359,12,1.6666666666666667
3747,12,0.0
2262,12,2.0
4038,12,1.8333333333333333
1227,12,4.25
4151,12,0.6666666666666666
191,12,0.5
1465,12,0.75
1903,12,1.25
604,12,3.5833333333333335
743,12,1.6666666666666667
264,12,3.1666666666666665
266,12,3.5833333333333335
1464,12,3.25
1234,12,3.0833333333333335
1222,12,1.6666666666666667
3685,12,2.0
3848,12,0.8333333333333334
490,12,3.3333333333333335
1216,12,2.9166666666666665
4580,12,0.4166666666666667
1642,12,0.6666666666666666
2733,12,3.75
4183,12,2.0833333333333335
3712,12,2.5833333333333335
4339,12,0.3333333333333333
3835,12,1.5833333333333333
767,12,4.166666666666667
4139,12,1.25
2728,12,2.5
2441,12,0.5
1663,12,1.4166666666666667
788,12,0.3333333333333333
2298,12,1.6666666666666667
2900,12,0.8333333333333334
2301,12,1.3333333333333333
2656,12,0.6666666666666666
308,12,1.5833333333333333
2299,12,5.083333333333333
464,12,4.583333333333333
2661,12,4.583333333333333
2902,12,1.75
4238,12,3.25
260,12,1.25
1492,12,1.9166666666666667
2094,12,2.1666666666666665
585,12,2.25
4179,12,1.9166666666666667
1671,12,1.8333333333333333
4068,12,1.3333333333333333
4326,12,0.08333333333333333
2420,12,1.0
2042,12,3.6666666666666665
3718,12,1.4166666666666667
2100,12,0.4166666666666667
4129,12,1.4166666666666667
2200,12,3.5833333333333335
2187,12,3.6666666666666665
2647,12,1.75
513,12,1.5
612,12,1.25
1310,12,4.333333333333333
1080,12,1.6666666666666667
4010,12,0.25
415,12,2.0
198,12,0.9166666666666666
1491,12,3.25
2049,12,0.25
2292,12,1.8333333333333333
109,12,3.5833333333333335
2198,12,1.5
1713,12,1.8333333333333333
796,12,2.0
1273,12,1.5
2846,12,1.6666666666666667
3429,12,3.5
2053,12,3.0833333333333335
4680,12,1.5
3439,12,1.25
1949,12,2.0
471,12,3.8333333333333335
1487,12,1.3333333333333333
3445,12,1.25
3440,12,1.8333333333333333
2445,12,1.5833333333333333
1613,12,5.666666666666667
2433,12,4.0
3293,12,3.1666666666666665
3448,12,0.5833333333333334
4393,12,3.5
2194,11,1.2727272727272727
3867,11,1.4545454545454546
2250,11,0.2727272727272727
693,11,1.4545454545454546
3180,11,2.0
1971,11,1.5454545454545454
3797,11,1.0
3728,11,1.2727272727272727
3494,11,2.090909090909091
3921,11,1.2727272727272727
3875,11,0.45454545454545453
3304,11,2.090909090909091
4217,11,1.7272727272727273
914,11,6.181818181818182
66,11,3.3636363636363638
1585,11,5.090909090909091
4509,11,2.090909090909091
4528,11,0.45454545454545453
3726,11,3.090909090909091
925,11,0.8181818181818182
1868,11,3.3636363636363638
826,11,2.3636363636363638
3341,11,1.4545454545454546
1524,11,0.7272727272727273
1135,11,1.8181818181818181
2062,11,0.8181818181818182
1750,11,2.909090909090909
2377,11,1.6363636363636365
2108,11,0.6363636363636364
2440,11,1.2727272727272727
2653,11,0.7272727272727273
2748,11,2.5454545454545454
3642,11,2.090909090909091
3619,11,1.0
3750,11,2.4545454545454546
4042,11,1.5454545454545454
1749,11,3.4545454545454546
4021,11,0.0
3016,11,3.090909090909091
4233,11,1.2727272727272727
441,11,2.8181818181818183
3751,11,2.0
2990,11,1.4545454545454546
1131,11,2.090909090909091
339,11,1.1818181818181819
4082,11,1.1818181818181819
1335,11,1.0909090909090908
2112,11,2.0
2963,11,1.9090909090909092
2143,11,2.5454545454545454
1052,11,0.8181818181818182
1266,11,3.090909090909091
98,11,1.5454545454545454
4765,11,0.9090909090909091
2889,11,1.9090909090909092
965,11,3.4545454545454546
1781,11,2.4545454545454546
3071,11,0.45454545454545453
2561,11,0.45454545454545453
1014,11,2.090909090909091
411,11,0.18181818181818182
4417,11,0.0
2090,11,3.3636363636363638
3047,11,4.0
472,11,0.8181818181818182
2684,11,2.272727272727273
3743,11,2.4545454545454546
4108,10,2.1
84,10,4.0
3488,10,3.1
2246,10,1.2
486,10,2.4
2618,10,1.3
2899,10,1.4
3776,10,1.8
4877,10,0.0
2627,10,1.0
1023,10,1.7
3621,10,1.2
4834,10,0.0
1321,10,2.2
1612,10,2.2
4269,10,1.0
3702,10,2.3
2396,10,0.5
3599,10,0.9
1857,10,1.5
2282,10,7.6
934,10,3.2
4222,10,0.6
3058,10,3.5
1166,10,1.5
2214,10,0.0
3353,10,0.9
2443,10,2.1
1897,10,1.8
4542,10,1.2
1521,10,2.4
1394,10,3.3
1153,10,3.0
3102,10,1.1
1697,10,2.1
1213,10,0.6
3162,10,2.7
4032,10,2.4
1207,10,1.1
682,10,2.2
621,10,1.3
3178,10,0.5
502,10,2.3
4502,10,0.0
4,10,2.0
3504,10,1.8
4710,10,0.0
2004,10,2.6
1197,10,1.4
2335,10,1.9
3786,10,0.3
3828,9,2.4444444444444446
2477,9,3.7777777777777777
3387,9,1.0
3363,9,1.8888888888888888
4214,9,2.2222222222222223
3394,9,0.1111111111111111
1248,9,2.6666666666666665
190,9,2.6666666666666665
4280,9,3.0
4180,9,2.5555555555555554
2085,9,1.6666666666666667
476,9,0.0
2063,9,2.6666666666666665
2066,9,0.4444444444444444
3836,9,1.3333333333333333
1245,9,1.0
3697,9,1.5555555555555556
4036,9,2.2222222222222223
4213,9,1.1111111111111112
487,9,2.0
3368,9,1.3333333333333333
2195,9,1.1111111111111112
1634,9,0.6666666666666666
4035,9,3.3333333333333335
4184,9,0.6666666666666666
1899,9,1.2222222222222223
2772,9,2.0
1640,9,0.6666666666666666
483,9,2.7777777777777777
2777,9,0.5555555555555556
4047,9,0.0
4281,9,0.0
3821,9,0.0
466,9,2.5555555555555554
3406,9,0.6666666666666666
2528,9,2.2222222222222223
4074,9,3.888888888888889
3485,9,1.0
3490,9,0.2222222222222222
1678,9,1.5555555555555556
683,9,1.7777777777777777
158,9,0.6666666666666666
4261,9,2.111111111111111
233,9,1.8888888888888888
4368,9,0.2222222222222222
3785,9,1.3333333333333333
3562,9,1.8888888888888888
1357,9,2.6666666666666665
2585,9,2.888888888888889
3520,9,1.6666666666666667
4911,9,0.3333333333333333
2483,9,0.3333333333333333
662,9,0.7777777777777778
3781,9,1.6666666666666667
3778,9,1.6666666666666667
2564,9,3.111111111111111
650,9,1.7777777777777777
2202,9,0.3333333333333333
2562,9,1.1111111111111112
4702,9,1.2222222222222223
3550,9,3.888888888888889
2559,9,1.4444444444444444
638,9,1.4444444444444444
4256,9,1.8888888888888888
2550,9,1.2222222222222223
3716,9,2.6666666666666665
3793,9,0.2222222222222222
2630,9,1.4444444444444444
3476,9,1.8888888888888888
1427,9,3.4444444444444446
725,9,1.0
291,9,2.0
1268,9,3.0
3416,9,2.0
3808,9,2.3333333333333335
722,9,1.8888888888888888
3427,9,2.5555555555555554
1272,9,1.0
4618,9,2.111111111111111
3430,9,2.888888888888889
3686,9,4.222222222222222
474,9,3.4444444444444446
3434,9,2.111111111111111
1277,9,2.111111111111111
3803,9,2.4444444444444446
4613,9,3.2222222222222223
710,9,3.0
4100,9,1.5555555555555556
4054,9,3.5555555555555554
470,9,1.1111111111111112
4803,9,0.0
703,9,1.4444444444444444
230,9,4.222222222222222
1798,9,2.5555555555555554
701,9,3.5555555555555554
374,9,4.111111111111111
231,9,2.111111111111111
1946,9,2.6666666666666665
3796,9,1.1111111111111112
4272,9,1.2222222222222223
268,9,5.444444444444445
2798,9,0.7777777777777778
2973,9,2.6666666666666665
3213,9,1.8888888888888888
1579,9,1.1111111111111112
321,9,2.4444444444444446
281,9,4.111111111111111
4315,9,3.3333333333333335
3971,9,0.5555555555555556
390,9,0.6666666666666666
3196,9,4.111111111111111
877,9,1.5555555555555556
2156,9,0.6666666666666666
530,9,3.5555555555555554
3672,9,0.0
883,9,2.7777777777777777
4203,9,2.4444444444444446
1576,9,3.7777777777777777
1032,9,1.3333333333333333
1583,9,2.5555555555555554
2413,9,0.3333333333333333
410,9,3.7777777777777777
91,9,2.5555555555555554
1056,9,2.111111111111111
854,9,3.111111111111111
3757,9,1.6666666666666667
2943,9,1.7777777777777777
2944,9,2.5555555555555554
3234,9,0.0
3336,9,1.3333333333333333
524,9,3.4444444444444446
3230,9,1.6666666666666667
3229,9,1.2222222222222223
3227,9,0.8888888888888888
3885,9,1.1111111111111112
203,9,0.6666666666666666
3221,9,2.0
3182,9,2.5555555555555554
273,9,1.1111111111111112
4114,9,0.3333333333333333
1006,9,1.6666666666666667
3045,9,1.0
3046,9,4.111111111111111
3922,9,0.4444444444444444
985,9,2.111111111111111
4651,9,0.1111111111111111
4497,9,0.6666666666666666
3066,9,1.7777777777777777
4120,9,0.2222222222222222
1557,9,0.3333333333333333
3076,9,3.0
2349,9,1.6666666666666667
3091,9,0.6666666666666666
547,9,1.2222222222222223
1862,9,2.111111111111111
3749,9,0.0
3594,9,0.6666666666666666
4228,9,3.3333333333333335
1725,9,1.2222222222222223
1843,9,2.111111111111111
3010,9,4.444444444444445
900,9,1.3333333333333333
3903,9,1.5555555555555556
2176,9,2.2222222222222223
3012,9,0.0
4729,9,0.8888888888888888
4307,9,0.0
1522,9,2.2222222222222223
3160,9,0.8888888888888888
4591,9,0.0
1738,9,1.3333333333333333
3911,9,1.6666666666666667
3912,9,2.2222222222222223
3962,9,1.6666666666666667
4000,9,0.6666666666666666
2945,9,2.2222222222222223
2442,9,1.2222222222222223
284,9,3.888888888888889
97,9,2.5555555555555554
4135,9,1.1111111111111112
2914,9,1.3333333333333333
3267,9,1.5555555555555556
2056,9,0.5555555555555556
1075,9,3.111111111111111
3292,9,0.7777777777777778
2904,9,1.0
4296,9,1.5555555555555556
1108,9,4.111111111111111
1090,9,1.8888888888888888
4661,9,2.7777777777777777
4430,9,1.6666666666666667
3277,9,2.0
102,9,2.7777777777777777
1139,9,3.6666666666666665
3288,9,1.2222222222222223
2296,9,1.7777777777777777
3282,9,2.2222222222222223
93,9,1.4444444444444444
1885,9,0.6666666666666666
3859,9,0.3333333333333333
4418,9,1.2222222222222223
1493,9,3.6666666666666665
4445,9,1.0
4325,9,1.3333333333333333
4241,9,1.4444444444444444
383,9,2.111111111111111
2924,9,1.8888888888888888
123,9,3.111111111111111
2870,9,0.0
1068,9,1.1111111111111112
4641,9,2.4444444444444446
3255,9,1.1111111111111112
379,9,1.5555555555555556
4205,9,1.6666666666666667
4029,9,0.0
4289,9,1.6666666666666667
845,9,2.5555555555555554
3741,9,4.444444444444445
3752,9,1.0
1169,9,0.3333333333333333
4006,9,3.2222222222222223
506,8,1.875
3783,8,3.125
256,8,0.125
1130,8,0.0
3299,8,4.375
3157,8,2.125
3565,8,1.75
2760,8,4.25
1364,8,1.875
1365,8,1.125
210,8,4.0
394,8,1.125
4549,8,0.0
164,8,3.125
1886,8,1.5
4637,8,0.625
2116,8,0.0
2449,8,1.5
2789,8,0.875
956,8,0.125
752,8,2.125
1099,8,4.125
1714,8,2.0
1801,8,1.875
178,8,1.375
4223,8,0.375
1046,8,2.125
727,8,0.0
3600,8,0.75
4145,8,1.625
4206,8,1.125
1954,8,2.25
425,8,3.5
4219,8,0.625
2679,8,1.75
354,8,0.0
1595,8,2.0
2692,8,2.875
55,8,1.25
528,8,2.125
3473,8,2.0
1987,8,1.125
1313,8,0.75
3513,8,3.5
2747,8,0.0
4305,8,0.5
2218,8,2.625
810,8,0.5
4353,8,0.375
4284,8,1.25
688,8,0.375
2718,8,1.125
1610,8,0.875
3581,8,1.875
4537,8,1.125
136,8,3.0
2427,8,2.375
4279,8,0.0
3635,8,3.0
2186,7,2.142857142857143
1888,7,3.142857142857143
1300,7,0.8571428571428571
2860,7,0.0
2512,7,1.1428571428571428
4096,7,2.142857142857143
2499,7,2.142857142857143
2317,7,0.42857142857142855
2290,7,2.857142857142857
2126,7,0.8571428571428571
2010,7,1.2857142857142858
1806,7,1.2857142857142858
1608,7,1.5714285714285714
4359,7,1.1428571428571428
1148,7,0.8571428571428571
4013,7,1.7142857142857142
4428,7,1.0
1093,7,3.4285714285714284
1062,7,2.7142857142857144
4463,7,2.7142857142857144
976,7,1.4285714285714286
766,7,1.2857142857142858
714,7,3.2857142857142856
4538,7,1.0
4582,7,1.8571428571428572
229,7,2.0
16,7,2.142857142857143
4016,7,0.42857142857142855
3715,7,2.7142857142857144
3853,7,1.2857142857142858
3024,7,0.7142857142857143
3248,7,2.0
3197,7,1.0
3232,7,2.2857142857142856
3329,7,1.1428571428571428
3775,6,1.5
4413,6,1.1666666666666667
4515,6,1.3333333333333333
4512,6,3.5
3730,6,2.5
4508,6,1.6666666666666667
4485,6,3.5
4481,6,2.1666666666666665
3856,6,1.0
4477,6,0.16666666666666666
4426,6,0.0
4461,6,1.0
4521,6,2.5
3733,6,2.3333333333333335
4460,6,3.5
3877,6,0.5
4433,6,1.1666666666666667
3871,6,0.5
3968,6,2.3333333333333335
3888,6,0.8333333333333334
3813,6,1.5
3792,6,2.1666666666666665
4847,6,0.0
4827,6,0.5
4815,6,0.0
4769,6,0.6666666666666666
3802,6,0.6666666666666666
4723,6,0.0
4689,6,1.3333333333333333
4678,6,0.5
4656,6,0.0
3721,6,2.6666666666666665
4626,6,1.3333333333333333
4610,6,2.3333333333333335
4609,6,1.5
4607,6,1.0
4605,6,0.0
4597,6,0.5
3807,6,3.1666666666666665
4564,6,0.0
4399,6,0.0
3895,6,2.8333333333333335
4388,6,4.0
4150,6,3.0
4136,6,0.0
3933,6,2.3333333333333335
4130,6,3.6666666666666665
3756,6,2.3333333333333335
3936,6,1.8333333333333333
4113,6,1.0
4102,6,0.0
3941,6,1.1666666666666667
3942,6,3.0
3953,6,2.3333333333333335
4093,6,2.1666666666666665
4091,6,2.3333333333333335
4086,6,0.0
4079,6,0.8333333333333334
4056,6,1.8333333333333333
3954,6,1.1666666666666667
3960,6,2.0
4004,6,1.0
3988,6,0.16666666666666666
4143,6,1.0
4158,6,4.0
3987,6,1.5
4164,6,1.5
4355,6,1.5
4332,6,0.0
4313,6,2.5
4302,6,1.5
4298,6,1.6666666666666667
3896,6,0.5
4287,6,2.5
4254,6,3.5
4253,6,2.0
4249,6,1.0
4248,6,2.8333333333333335
4234,6,1.0
3784,6,0.3333333333333333
3926,6,0.0
4201,6,2.5
4194,6,2.8333333333333335
4188,6,2.0
4177,6,1.8333333333333333
3931,6,2.6666666666666665
3782,6,1.5
1,6,2.1666666666666665
3707,6,1.0
3706,6,1.8333333333333333
2778,6,1.3333333333333333
2775,6,2.6666666666666665
2734,6,3.3333333333333335
2726,6,1.5
2673,6,1.5
2672,6,1.8333333333333333
2643,6,1.0
2616,6,1.1666666666666667
2607,6,1.5
2604,6,2.6666666666666665
2599,6,1.8333333333333333
2565,6,1.1666666666666667
2421,6,1.6666666666666667
2378,6,2.5
2376,6,3.5
2362,6,1.5
2325,6,2.1666666666666665
2314,6,2.0
2307,6,1.5
2267,6,2.0
2234,6,1.5
2216,6,0.5
2175,6,2.1666666666666665
2157,6,1.6666666666666667
2092,6,2.0
2071,6,2.8333333333333335
2052,6,3.6666666666666665
2046,6,1.1666666666666667
2044,6,1.8333333333333333
2780,6,2.0
2794,6,1.0
2815,6,2.0
3059,6,2.0
3226,6,2.0
3188,6,0.0
3186,6,0.0
3154,6,2.1666666666666665
3153,6,1.1666666666666667
3151,6,3.8333333333333335
3138,6,1.3333333333333333
3135,6,1.0
3124,6,3.3333333333333335
3096,6,1.1666666666666667
3094,6,2.0
3079,6,1.5
3072,6,2.6666666666666665
3044,6,3.5
2821,6,0.5
3042,6,0.6666666666666666
3039,6,2.0
3027,6,1.3333333333333333
3018,6,2.1666666666666665
3013,6,2.3333333333333335
2985,6,1.0
2982,6,1.5
2975,6,1.8333333333333333
2954,6,1.5
2947,6,5.0
2907,6,1.0
2881,6,4.333333333333333
2838,6,2.1666666666666665
2001,6,2.0
1966,6,1.5
3244,6,1.0
1959,6,2.1666666666666665
1161,6,3.1666666666666665
1146,6,2.5
1120,6,1.0
1118,6,1.5
1107,6,0.8333333333333334
1016,6,3.0
955,6,0.6666666666666666
936,6,1.5
768,6,1.0
760,6,2.5
733,6,0.8333333333333334
704,6,0.0
691,6,2.0
679,6,1.1666666666666667
675,6,1.8333333333333333
653,6,0.0
482,6,1.5
460,6,0.0
377,6,2.5
351,6,3.6666666666666665
310,6,1.5
289,6,0.3333333333333333
282,6,2.0
242,6,1.5
218,6,3.0
196,6,0.3333333333333333
152,6,4.333333333333333
128,6,1.8333333333333333
44,6,1.5
1284,6,1.5
1398,6,4.5
1467,6,0.0
1723,6,0.0
1948,6,2.5
1942,6,2.5
1917,6,1.0
1887,6,3.5
1883,6,3.0
1842,6,1.5
1832,6,2.3333333333333335
1809,6,3.0
1808,6,1.3333333333333333
1782,6,2.8333333333333335
1770,6,0.5
1768,6,0.0
1753,6,2.6666666666666665
1710,6,2.6666666666666665
1479,6,2.5
1709,6,1.5
1667,6,1.0
1666,6,4.0
1659,6,0.8333333333333334
1648,6,1.5
1628,6,1.5
1617,6,2.0
1598,6,0.16666666666666666
1566,6,1.5
1528,6,0.6666666666666666
1503,6,0.0
1490,6,2.0
1483,6,1.5
3240,6,4.5
1990,6,1.8333333333333333
3617,6,0.6666666666666666
3305,6,3.0
3587,6,1.0
3312,6,1.5
3319,6,2.1666666666666665
3563,6,3.0
3422,6,3.1666666666666665
3327,6,2.8333333333333335
3339,6,1.5
3532,6,0.0
3531,6,1.1666666666666667
3352,6,1.0
3695,6,5.5
3515,6,3.3333333333333335
3665,6,1.3333333333333333
3649,6,0.5
3671,6,1.6666666666666667
3365,6,1.3333333333333333
3371,6,3.0
3496,6,3.1666666666666665
3382,6,0.5
3404,6,2.0
3633,6,3.8333333333333335
3682,6,1.6666666666666667
3389,6,2.3333333333333335
3643,6,2.6666666666666665
3678,6,1.0
3403,6,3.0
3458,6,6.5
3424,6,1.0
3347,6,1.0
3596,6,1.5
3276,6,0.3333333333333333
3253,6,0.5
3622,6,2.3333333333333335
3275,6,0.5
3285,6,4.0
3432,6,3.0
3296,6,0.8333333333333334
3652,6,0.8333333333333334
3250,6,2.3333333333333335
4707,5,0.8
1572,5,1.2
3690,5,1.4
2220,5,0.4
3631,5,1.2
3173,5,0.6
2233,5,2.8
952,5,1.0
4397,5,0.2
2928,5,0.6
1811,5,1.0
2817,5,0.4
2936,5,0.0
1174,5,2.4
3441,5,2.2
4655,5,0.6
4037,5,1.2
4342,5,1.2
594,5,0.8
3886,5,0.2
2083,5,0.0
2016,5,0.6
4431,5,0.8
2640,5,2.2
3636,5,1.6
4623,5,2.8
2654,5,0.0
2664,5,2.2
1124,5,0.4
4629,5,1.0
1506,5,0.8
352,5,4.4
3480,5,1.2
4648,5,2.8
646,5,0.0
2365,5,1.2
1057,5,0.6
103,5,3.6
1763,5,1.0
2304,5,1.8
2302,5,1.6
1658,5,0.0
3326,5,2.0
3289,5,0.0
1461,5,0.2
986,5,0.6
4363,5,1.6
3075,5,0.2
4267,5,2.2
908,5,0.6
3534,5,3.8
3624,5,1.2
1315,5,2.2
45,5,2.0
1776,5,1.4
424,4,0.0
9,4,0.0
3602,4,2.25
2481,4,1.5
3464,4,1.5
1969,4,0.75
4367,4,0.0
3949,4,0.0
426,4,3.75
984,4,0.0
4625,4,0.0
1974,4,0.25
3887,4,0.0
3086,4,1.25
3081,4,2.25
2084,4,2.75
3080,4,2.5
3521,4,1.25
423,4,2.75
4198,4,0.0
3116,4,1.0
1170,4,0.25
4917,4,0.0
302,4,2.5
756,4,0.0
1324,4,0.25
2168,4,1.0
1340,4,1.0
4001,4,0.75
1066,4,0.75
2344,4,1.5
3650,4,1.25
4239,4,1.5
4468,4,2.0
4401,4,0.75
3407,4,2.25
3580,4,0.0
3742,4,2.75
3007,4,0.0
4023,4,0.0
4191,4,0.0
658,4,4.5
1472,4,2.75
3574,4,0.25
1906,4,3.0
1914,4,0.5
1050,4,1.5
4451,3,1.6666666666666667
4454,3,3.0
4450,3,0.0
979,3,4.0
4479,3,0.6666666666666666
4478,3,0.3333333333333333
4475,3,0.0
4458,3,3.6666666666666665
4474,3,1.0
4482,3,3.0
1031,3,1.0
1011,3,0.0
4465,3,0.0
4464,3,0.0
1262,3,0.0
1074,3,3.0
4439,3,0.3333333333333333
1381,3,0.6666666666666666
1397,3,2.6666666666666665
4371,3,2.0
4369,3,1.3333333333333333
3628,3,0.0
4364,3,0.0
4361,3,2.0
1406,3,4.0
4356,3,1.6666666666666667
1458,3,0.0
4351,3,1.3333333333333333
4350,3,3.0
4346,3,1.0
4345,3,4.0
1471,3,1.3333333333333333
4335,3,1.6666666666666667
4334,3,1.0
4328,3,0.0
1495,3,0.0
1374,3,4.0
4378,3,2.0
1369,3,0.0
1192,3,0.0
1088,3,0.0
4432,3,0.6666666666666666
4427,3,0.6666666666666666
1155,3,1.6666666666666667
3632,3,0.0
4416,3,3.0
4414,3,2.0
1188,3,0.6666666666666666
1212,3,3.6666666666666665
1359,3,0.6666666666666666
4405,3,1.0
1271,3,3.3333333333333335
4402,3,0.0
4400,3,1.3333333333333333
1280,3,2.0
1285,3,1.3333333333333333
4391,3,0.0
4383,3,1.0
4483,3,1.6666666666666667
3880,3,2.6666666666666665
4487,3,0.0
4800,3,0.0
4796,3,0.0
4794,3,3.0
4793,3,2.0
4792,3,1.0
4789,3,0.0
4786,3,0.6666666666666666
4784,3,1.0
4782,3,2.6666666666666665
3699,3,2.0
4773,3,0.3333333333333333
4772,3,0.0
4770,3,5.666666666666667
174,3,1.6666666666666667
4766,3,0.0
4759,3,1.3333333333333333
4752,3,0.0
4738,3,0.0
4737,3,4.666666666666667
4731,3,0.0
3723,3,2.3333333333333335
4725,3,3.6666666666666665
4722,3,1.3333333333333333
4716,3,0.0
257,3,2.0
4708,3,0.0
3689,3,5.0
300,3,0.6666666666666666
4797,3,0.0
4802,3,0.0
950,3,4.666666666666667
150,3,2.3333333333333335
4915,3,1.0
4910,3,0.0
4907,3,0.0
4903,3,0.0
4899,3,0.0
4896,3,0.0
4895,3,2.0
4885,3,0.0
4878,3,0.0
3701,3,2.0
4867,3,2.0
4866,3,1.3333333333333333
4860,3,0.0
4846,3,2.0
4844,3,0.0
4843,3,2.6666666666666665
4840,3,0.0
4836,3,2.0
4833,3,0.3333333333333333
4832,3,1.3333333333333333
4830,3,0.3333333333333333
3720,3,0.0
4823,3,2.6666666666666665
4817,3,0.0
147,3,0.3333333333333333
4808,3,3.6666666666666665
4807,3,1.0
4701,3,0.0
4698,3,4.666666666666667
4694,3,1.3333333333333333
4690,3,1.0
4584,3,2.0
4576,3,2.0
4571,3,0.0
4566,3,1.0
4561,3,0.0
4557,3,2.3333333333333335
4556,3,0.0
645,3,0.0
1504,3,0.0
4548,3,3.0
4544,3,2.0
665,3,3.0
3667,3,4.333333333333333
4530,3,0.3333333333333333
3740,3,1.3333333333333333
4523,3,2.0
3653,3,4.0
785,3,4.0
806,3,2.6666666666666665
838,3,2.6666666666666665
850,3,0.0
4506,3,4.0
4505,3,3.3333333333333335
894,3,3.3333333333333335
4498,3,7.0
4494,3,2.3333333333333335
4493,3,1.3333333333333333
497,3,5.0
4604,3,2.0
4606,3,0.0
3687,3,2.0
307,3,3.3333333333333335
4688,3,2.0
4686,3,2.0
4684,3,0.6666666666666666
4682,3,1.0
3688,3,2.0
4675,3,2.3333333333333335
4671,3,3.0
4668,3,1.0
4667,3,0.0
344,3,1.0
347,3,5.333333333333333
4649,3,2.0
450,3,1.0
4647,3,1.3333333333333333
4646,3,4.0
367,3,0.3333333333333333
4634,3,4.333333333333333
417,3,8.0
4621,3,4.0
4620,3,1.0
4619,3,0.6666666666666666
4614,3,3.0
427,3,1.0
443,3,2.6666666666666665
447,3,1.0
4554,3,0.0
1619,3,0.6666666666666666
4318,3,4.333333333333333
3386,3,1.3333333333333333
4071,3,4.0
3393,3,1.0
2652,3,2.6666666666666665
4065,3,0.3333333333333333
4061,3,1.0
4060,3,2.0
4057,3,0.3333333333333333
2668,3,4.0
4055,3,1.0
2711,3,1.3333333333333333
2712,3,2.0
2727,3,8.666666666666666
4075,3,3.0
2729,3,2.6666666666666665
3383,3,0.0
2750,3,4.666666666666667
4039,3,2.6666666666666665
2756,3,1.6666666666666667
2762,3,1.6666666666666667
2765,3,0.0
3379,3,0.0
3837,3,4.666666666666667
2808,3,1.6666666666666667
2830,3,0.0
2626,3,0.0
2625,3,2.0
2859,3,0.0
2490,3,0.0
3809,3,0.0
3412,3,1.3333333333333333
2340,3,2.0
4124,3,0.0
4118,3,0.0
2375,3,0.6666666666666666
2390,3,0.0
2394,3,1.0
2419,3,2.0
4105,3,0.6666666666666666
4104,3,2.3333333333333335
2494,3,2.6666666666666665
3396,3,1.0
2501,3,3.0
2519,3,2.0
4317,3,0.0
2520,3,2.3333333333333335
2525,3,1.0
2542,3,4.0
2543,3,0.0
4089,3,1.6666666666666667
3402,3,2.0
3401,3,1.0
2605,3,2.6666666666666665
2837,3,2.0
2896,3,0.6666666666666666
2268,3,1.3333333333333333
3301,3,2.0
3051,3,3.0
3061,3,0.0
3862,3,0.0
3947,3,0.0
3940,3,1.3333333333333333
3939,3,0.0
3868,3,3.0
3932,3,1.0
3120,3,1.3333333333333333
3929,3,1.6666666666666667
3925,3,0.0
3923,3,4.0
3858,3,2.0
3142,3,4.333333333333333
3910,3,1.0
3907,3,3.0
3906,3,0.0
3172,3,0.6666666666666666
3902,3,1.0
3900,3,0.6666666666666666
3199,3,0.0
3897,3,0.0
3214,3,1.0
3889,3,5.0
3043,3,0.3333333333333333
3959,3,1.0
2906,3,0.0
2968,3,1.6666666666666667
3845,3,3.0
2910,3,0.0
2911,3,0.6666666666666666
2920,3,2.6666666666666665
2927,3,3.3333333333333335
3999,3,0.0
2941,3,0.0
3995,3,0.0
2952,3,3.3333333333333335
2957,3,1.0
3986,3,3.0
2974,3,0.6666666666666666
3041,3,4.0
3344,3,0.0
2978,3,2.0
2979,3,3.6666666666666665
2981,3,5.0
3979,3,2.6666666666666665
3974,3,2.0
2987,3,3.0
2995,3,2.0
3855,3,0.0
3964,3,1.0
3019,3,1.3333333333333333
2285,3,0.0
4943,3,0.0
4138,3,2.0
3773,3,1.0
2007,3,1.0
2023,3,1.6666666666666667
3535,3,0.0
3463,3,0.6666666666666666
4190,3,1.0
4187,3,0.0
3556,3,1.3333333333333333
4186,3,0.6666666666666666
2058,3,0.3333333333333333
3452,3,2.0
4181,3,3.0
3443,3,1.6666666666666667
4178,3,7.0
2099,3,1.0
2104,3,1.3333333333333333
2111,3,2.0
4271,3,0.6666666666666666
4171,3,2.0
1660,3,1.6666666666666667
3469,3,0.0
1996,3,1.3333333333333333
1741,3,2.0
3788,3,1.0
1845,3,3.0
4229,3,2.3333333333333335
3512,3,2.0
1846,3,1.0
1836,3,1.6666666666666667
4226,3,3.0
4240,3,4.0
1821,3,3.0
3516,3,0.6666666666666666
3795,3,0.3333333333333333
4245,3,0.6666666666666666
1807,3,2.0
3530,3,3.6666666666666665
4255,3,0.0
3791,3,0.0
3484,3,3.0
1973,3,0.3333333333333333
1984,3,4.0
4277,3,0.0
2136,3,1.6666666666666667
4282,3,2.6666666666666665
4290,3,5.0
3878,3,1.0
4293,3,1.0
2196,3,0.0
2199,3,0.6666666666666666
1607,3,2.0
4299,3,2.3333333333333335
3431,3,3.6666666666666665
1591,3,0.0
1589,3,4.333333333333333
4304,3,0.0
3764,3,3.6666666666666665
1537,3,2.0
1526,3,1.0
2256,3,0.6666666666666666
2259,3,1.0
3436,3,3.0
4230,3,5.0
2171,3,0.0
4159,3,4.0
4283,3,0.0
4169,3,1.3333333333333333
2148,3,1.0
2163,3,0.0
1644,3,0.6666666666666666
1637,3,4.0
4163,3,4.666666666666667
4157,3,2.3333333333333335
2152,3,0.0
1774,2,1.5
4932,2,0.0
2923,2,1.5
3222,2,3.0
3321,2,0.5
4837,2,0.0
2934,2,1.0
4231,2,0.0
3606,2,1.0
1834,2,0.0
3755,2,1.0
4736,2,1.5
3861,2,2.0
4842,2,1.0
4810,2,1.0
3166,2,2.5
4753,2,0.0
3145,2,2.5
4767,2,1.0
4380,2,2.5
3132,2,0.0
3310,2,0.0
1620,2,0.0
3343,2,1.0
3356,2,0.0
2908,2,1.5
3819,2,0.0
4041,2,0.0
1992,2,0.0
3388,2,1.0
4446,2,0.0
4466,2,0.5
453,2,0.0
2594,2,7.5
2591,2,0.0
4122,2,2.0
2137,2,2.0
601,2,0.0
4573,2,0.0
4160,2,0.0
4106,2,1.0
4484,2,0.0
2474,2,1.0
3817,2,0.0
348,2,0.0
333,2,0.0
2251,2,2.0
4699,2,0.0
2843,2,1.0
2277,2,0.0
4687,2,1.0
773,2,0.5
4674,2,1.5
3676,2,1.5
1535,1,0.0
4551,1,2.0
940,1,0.0
864,1,0.0
3224,1,3.0
735,1,0.0
4112,1,0.0
4349,1,0.0
898,1,0.0
4146,1,1.0
4859,1,0.0
2337,1,0.0
4520,1,4.0
2240,1,0.0
3654,1,0.0
3201,1,2.0
4310,1,0.0
3623,1,1.0
100,1,0.0
560,1,0.0
107,1,0.0
3696,1,0.0
1851,1,0.0
3354,1,0.0
4728,1,1.0
4730,1,0.0
4412,1,0.0
1900,1,0.0
1297,1,0.0
4741,1,0.0
3376,1,0.0
314,1,0.0
3493,1,0.0
4387,1,0.0
602,1,0.0
3790,1,0.0
4257,1,0.0
3640,1,0.0
1730,1,0.0
3400,1,1.0
3681,1,0.0
3772,1,0.0
4011,1,0.0
4286,1,0.0
1438,1,1.0
4094,1,0.0
603,1,6.0
