SKU,Category,mu_daily,r_negbin,overdispersion,poisson_p,use_negbin,total_qty,avg_price,u_i,h_i,b_i,f_i,v_i,w_i
09LL9,8HU,0.5288,0.4517,2.1707,-1,1,193,2.76,1.38,0.414,0.828,1.0,1.14,0.26
X59YE,8HU,0.5288,1.8917,1.2795,-1,0,193,17.54,8.77,2.631,5.262,1.0,1.88,0.55
RH5J5,29A,0.2219,729.0,1.0003,-1,0,81,4.77,2.385,0.7155,1.431,1.0,1.24,0.3
Y1JBL,R6E,0.2192,9999.0,0.9308,-1,0,80,6.81,3.405,1.0215,2.043,1.0,1.34,0.34
1LEE7,8HU,0.3342,0.1877,2.7805,-1,1,122,2.96,1.48,0.444,0.888,1.0,1.15,0.26
GHG1T,LSD,0.4932,0.4455,2.1068,-1,1,180,3.44,1.72,0.516,1.032,1.0,1.17,0.27
TD3DD,JI5,7.3068,0.1503,49.6197,-1,1,2667,0.2726,0.1363,0.0409,0.0818,1.0,1.01,0.21
WKOLQ,R6E,0.5918,15.6354,1.0378,-1,0,216,1.88,0.94,0.282,0.564,1.0,1.09,0.24
LQ555,0H2,0.5808,1.8415,1.3154,-1,1,212,8.18,4.09,1.227,2.454,1.0,1.41,0.36
5S43J,LPF,0.6027,1.39,1.4336,-1,1,220,11.48,5.74,1.722,3.444,1.0,1.57,0.43
Y6DHV,H15,0.3041,0.9858,1.3085,-1,1,111,6.27,3.135,0.9405,1.881,1.0,1.31,0.33
TASND,X52,0.2384,1.5635,1.1524,-1,0,87,3.88,1.94,0.582,1.164,1.0,1.19,0.28
F9JVE,X52,0.4384,1.0649,1.4116,-1,1,160,3.74,1.87,0.561,1.122,1.0,1.19,0.27
EEI1Q,JI5,4.2959,0.0782,55.935,-1,1,1568,0.327,0.1635,0.0491,0.0981,1.0,1.02,0.21
4FMP9,1EO,0.2904,0.538,1.5398,-1,1,106,7.17,3.585,1.0755,2.151,1.0,1.36,0.34
44RUE,LDZ,0.5973,0.4402,2.3569,-1,1,218,40.89,20.445,6.1335,12.267,1.0,3.04,1.02
5I93F,SJS,0.4959,0.2411,3.0566,-1,1,181,5.32,2.66,0.798,1.596,1.0,1.27,0.31
JXZLG,H8O,0.3863,1.1963,1.3229,-1,1,141,1.77,0.885,0.2655,0.531,1.0,1.09,0.24
COWU2,N8U,2.1945,3.5003,1.627,-1,1,801,4.57,2.285,0.6855,1.371,1.0,1.23,0.29
1EIY7,LPF,0.2329,0.1764,2.3201,-1,1,85,8.73,4.365,1.3095,2.619,1.0,1.44,0.37
DJMIH,PA3,0.3425,0.2689,2.2735,-1,1,125,14.88,7.44,2.232,4.464,1.0,1.74,0.5
4R4F9,R6E,0.9452,5.4436,1.1736,-1,0,345,6.75,3.375,1.0125,2.025,1.0,1.34,0.34
83SE2,FEW,0.5644,1.1895,1.4745,-1,1,206,7.63,3.815,1.1445,2.289,1.0,1.38,0.35
MDM2U,FU5,0.3973,0.3058,2.2993,-1,1,145,1.1867,0.5933,0.178,0.356,1.0,1.06,0.22
SW800,XG4,0.2493,0.8963,1.2782,-1,0,91,5.87,2.935,0.8805,1.761,1.0,1.29,0.32
RBZMC,QV7,0.3205,9999.0,0.953,-1,0,117,2.4,1.2,0.36,0.72,1.0,1.12,0.25
ABFD7,0H2,0.6877,4.3815,1.157,-1,0,251,5.04,2.52,0.756,1.512,1.0,1.25,0.3
SN3ZJ,IEV,0.411,0.3139,2.309,-1,1,150,2.88,1.44,0.432,0.864,1.0,1.14,0.26
2SVKS,U5F,3.0493,0.8733,4.4916,-1,1,1113,2.21,1.105,0.3315,0.663,1.0,1.11,0.24
L9VPF,IEV,0.2548,0.1764,2.4441,-1,1,93,4.32,2.16,0.648,1.296,1.0,1.22,0.29
89ULV,N8U,0.2575,9999.0,0.9127,-1,0,94,5.12,2.56,0.768,1.536,1.0,1.26,0.3
68AG2,BZU,0.4904,3.9513,1.1241,-1,0,179,7.23,3.615,1.0845,2.169,1.0,1.36,0.34
C4Y40,TW8,0.2712,0.5948,1.456,-1,1,99,2.06,1.03,0.309,0.618,1.0,1.1,0.24
TL4WZ,N8U,1.9315,2.7888,1.6926,-1,1,705,4.0,2.0,0.6,1.2,1.0,1.2,0.28
UQC6F,N8U,1.5041,2.267,1.6635,-1,1,549,1.77,0.885,0.2655,0.531,1.0,1.09,0.24
T5V5W,X52,0.2274,1.2478,1.1822,-1,0,83,7.02,3.51,1.053,2.106,1.0,1.35,0.34
W3Q7V,JPI,0.2575,1.0175,1.2531,-1,0,94,3.88,1.94,0.582,1.164,1.0,1.19,0.28
J2RPB,H15,0.2603,1.8627,1.1397,-1,0,95,3.41,1.705,0.5115,1.023,1.0,1.17,0.27
UN0SI,R6E,0.4384,1.1337,1.3866,-1,1,160,2.19,1.095,0.3285,0.657,1.0,1.11,0.24
IYY6V,N8U,0.4164,4.9836,1.0836,-1,0,152,5.12,2.56,0.768,1.536,1.0,1.26,0.3
4FT32,IEV,2.5096,1.3434,2.8681,-1,1,916,1.91,0.955,0.2865,0.573,1.0,1.1,0.24
1IX2L,01F,0.8192,0.6637,2.2343,-1,1,299,4.6,2.3,0.69,1.38,1.0,1.23,0.29
CDW3A,EKM,0.3123,2.1718,1.1438,-1,0,114,9.9,4.95,1.485,2.97,1.0,1.5,0.4
PQ5EZ,1L6,0.2493,1.1748,1.2122,-1,0,91,11.875,5.9375,1.7812,3.5625,1.0,1.59,0.44
26XOE,SFC,0.3808,0.5943,1.6408,-1,1,139,2.37,1.185,0.3555,0.711,1.0,1.12,0.25
BK9BM,H15,0.4795,2.2024,1.2177,-1,0,175,5.88,2.94,0.882,1.764,1.0,1.29,0.32
Q7IJI,0H2,0.2247,1.3567,1.1656,-1,0,82,6.75,3.375,1.0125,2.025,1.0,1.34,0.34
O063M,X52,0.3452,0.7435,1.4643,-1,1,126,5.25,2.625,0.7875,1.575,1.0,1.26,0.3
JO2C3,6BZ,0.6575,3.571,1.1841,-1,0,240,16.8,8.4,2.52,5.04,1.0,1.84,0.54
V837Q,OXH,0.2548,1.167,1.2183,-1,0,93,28.66,14.33,4.299,8.598,1.0,2.43,0.77
UNJKW,N8U,5.9699,6.0289,1.9902,-1,1,2179,2.11,1.055,0.3165,0.633,1.0,1.11,0.24
CLUON,H15,0.3644,5.0816,1.0717,-1,0,133,4.09,2.045,0.6135,1.227,1.0,1.2,0.28
XQBTK,R6E,0.4329,0.8592,1.5038,-1,1,158,2.43,1.215,0.3645,0.729,1.0,1.12,0.25
WN5M8,RML,0.2521,0.4231,1.5958,-1,1,92,8.32,4.16,1.248,2.496,1.0,1.42,0.37
6J6MA,8HU,0.2493,0.4601,1.5419,-1,1,91,4.11,2.055,0.6165,1.233,1.0,1.21,0.28
7TUN3,XAE,0.8,0.7725,2.0356,-1,1,292,8.87,4.435,1.3305,2.661,1.0,1.44,0.38
TS3K5,TZB,0.3342,0.4282,1.7805,-1,1,122,4.105,2.0525,0.6158,1.2315,1.0,1.21,0.28
AGKFU,OXH,0.2575,0.3194,1.8063,-1,1,94,55.425,27.7125,8.3137,16.6275,1.0,3.77,1.31
SP2O7,1EO,0.2411,0.2763,1.8725,-1,1,88,8.17,4.085,1.2255,2.451,1.0,1.41,0.36
F64H7,R6E,0.4521,1.8926,1.2389,-1,0,165,2.86,1.43,0.429,0.858,1.0,1.14,0.26
JJLXQ,N8U,1.0164,1.0747,1.9458,-1,1,371,5.04,2.52,0.756,1.512,1.0,1.25,0.3
3GTLH,01F,0.9671,0.5199,2.8601,-1,1,353,4.0367,2.0183,0.6055,1.211,1.0,1.2,0.28
QM3C8,N8U,0.6411,1.7051,1.376,-1,1,234,5.87,2.935,0.8805,1.761,1.0,1.29,0.32
7EZAQ,MOE,0.2603,1.8627,1.1397,-1,0,95,3.15,1.575,0.4725,0.945,1.0,1.16,0.26
YBMVG,XG4,0.8493,0.0519,17.3571,-1,1,310,0.1906,0.0953,0.0286,0.0572,1.0,1.01,0.2
FZM7U,QV7,0.4822,1.9675,1.2451,-1,0,176,8.025,4.0125,1.2038,2.4075,1.0,1.4,0.36
519IW,ILF,0.3342,1.3955,1.2395,-1,0,122,41.7,20.85,6.255,12.51,1.0,3.08,1.03
3BG6B,SJS,0.2685,0.6982,1.3846,-1,1,98,10.52,5.26,1.578,3.156,1.0,1.53,0.41
I9SAW,0WT,0.4301,1.155,1.3724,-1,1,157,2.19,1.095,0.3285,0.657,1.0,1.11,0.24
ZD3Z4,F9B,0.263,2.8854,1.0912,-1,0,96,11.6,5.8,1.74,3.48,1.0,1.58,0.43
3AIM5,U5F,0.2521,0.287,1.8784,-1,1,92,1.94,0.97,0.291,0.582,1.0,1.1,0.24
C7BXU,69K,0.7918,3.5109,1.2255,-1,0,289,6.07,3.035,0.9105,1.821,1.0,1.3,0.32
61VFY,N8U,0.2384,2.2387,1.1065,-1,0,87,10.1,5.05,1.515,3.03,1.0,1.5,0.4
7QUXS,2ML,0.7644,2.7791,1.275,-1,0,279,3.13,1.565,0.4695,0.939,1.0,1.16,0.26
VHWMQ,FU5,0.3014,0.2011,2.4986,-1,1,110,2.22,1.11,0.333,0.666,1.0,1.11,0.24
W2XKX,N5F,0.2493,0.9732,1.2562,-1,0,91,12.43,6.215,1.8645,3.729,1.0,1.62,0.45
B32W0,OXH,0.4137,6.5539,1.0631,-1,0,151,7.35,3.675,1.1025,2.205,1.0,1.37,0.35
520UE,C8Z,0.526,2.0611,1.2552,-1,0,192,8.49,4.245,1.2735,2.547,1.0,1.42,0.37
M4TM4,QCG,1.4548,3.9513,1.3682,-1,1,531,10.98,5.49,1.647,3.294,1.0,1.55,0.42
LTH2G,TW8,0.2658,0.7533,1.3528,-1,1,97,2.06,1.03,0.309,0.618,1.0,1.1,0.24
7XAMZ,EPM,0.2658,0.1215,3.1879,-1,1,97,1.44,0.72,0.216,0.432,1.0,1.07,0.23
E7DJL,QCG,0.2466,1.2462,1.1979,-1,0,90,5.46,2.73,0.819,1.638,1.0,1.27,0.31
P6XWQ,TW8,0.2356,1.2876,1.183,-1,0,86,2.06,1.03,0.309,0.618,1.0,1.1,0.24
ARZ2R,J4R,0.3151,0.3301,1.9545,-1,1,115,19.21,9.605,2.8815,5.763,1.0,1.96,0.58
M3T80,C8Z,0.3178,1.9267,1.165,-1,0,116,10.62,5.31,1.593,3.186,1.0,1.53,0.41
9ZIBA,01F,0.2466,0.3372,1.7312,-1,1,90,9.07,4.535,1.3605,2.721,1.0,1.45,0.38
N0D2P,MOE,0.5123,4.7441,1.108,-1,0,187,2.86,1.43,0.429,0.858,1.0,1.14,0.26
ZDSYK,N8U,1.2466,9999.0,0.9754,-1,0,455,2.17,1.085,0.3255,0.651,1.0,1.11,0.24
F7FQ5,U5F,1.7123,1.4388,2.1901,-1,1,625,2.43,1.215,0.3645,0.729,1.0,1.12,0.25
FO112,IEV,0.3068,0.1739,2.7646,-1,1,112,2.1533,1.0767,0.323,0.646,1.0,1.11,0.24
BLH3I,01F,1.189,0.5709,3.0828,-1,1,434,2.865,1.4325,0.4298,0.8595,1.0,1.14,0.26
MYDIB,6BZ,0.2356,0.2363,1.9969,-1,1,86,92.385,46.1925,13.8578,27.7155,1.0,5.62,2.05
Q1NXK,RU6,0.3507,0.5534,1.6337,-1,1,128,3.42,1.71,0.513,1.026,1.0,1.17,0.27
8ETY5,I4Y,0.2411,1.4351,1.168,-1,0,88,8.04,4.02,1.206,2.412,1.0,1.4,0.36
S4HQP,JPI,0.4658,1.499,1.3107,-1,1,170,1.84,0.92,0.276,0.552,1.0,1.09,0.24
9R1GN,LSD,0.3479,0.3952,1.8804,-1,1,127,8.14,4.07,1.221,2.442,1.0,1.41,0.36
5TPXK,ILF,0.8603,1.4078,1.6111,-1,1,314,2.15,1.075,0.3225,0.645,1.0,1.11,0.24
IFUHU,29A,0.8055,1.6089,1.5006,-1,1,294,10.61,5.305,1.5915,3.183,1.0,1.53,0.41
L6L4O,Q4N,0.263,1.5074,1.1745,-1,0,96,9.63,4.815,1.4445,2.889,1.0,1.48,0.39
ZHY6C,U5F,1.0356,0.85,2.2184,-1,1,378,2.03,1.015,0.3045,0.609,1.0,1.1,0.24
68BRQ,2ML,0.7397,46.7308,1.0158,-1,0,270,5.79,2.895,0.8685,1.737,1.0,1.29,0.32
6V2Q8,2ML,0.3808,4.7836,1.0796,-1,0,139,12.21,6.105,1.8315,3.663,1.0,1.61,0.44
SJ1N5,6BZ,0.326,0.7292,1.4471,-1,1,119,7.94,3.97,1.191,2.382,1.0,1.4,0.36
MSAHF,JB0,0.2192,0.2293,1.9558,-1,1,80,2.29,1.145,0.3435,0.687,1.0,1.11,0.25
6Y6GP,N5F,0.2932,0.772,1.3797,-1,1,107,4.26,2.13,0.639,1.278,1.0,1.21,0.29
AA3Y0,OXH,0.2986,0.3901,1.7656,-1,1,109,3.97,1.985,0.5955,1.191,1.0,1.2,0.28
1XV6A,FYD,0.2219,0.2364,1.9386,-1,1,81,21.27,10.635,3.1905,6.381,1.0,2.06,0.63
JZJII,XG4,0.2493,0.1561,2.5968,-1,1,91,0.55,0.275,0.0825,0.165,1.0,1.03,0.21
XOII4,VQD,0.6301,1.238,1.509,-1,1,230,6.03,3.015,0.9045,1.809,1.0,1.3,0.32
0OZBT,OXH,0.4493,4.5173,1.0995,-1,0,164,8.67,4.335,1.3005,2.601,1.0,1.43,0.37
KZY2N,R6E,0.3562,0.9707,1.3669,-1,1,130,3.82,1.91,0.573,1.146,1.0,1.19,0.28
FR282,GGP,0.3178,0.3378,1.9408,-1,1,116,4.3,2.15,0.645,1.29,1.0,1.22,0.29
69PF4,OXH,0.2219,2.9836,1.0744,-1,0,81,6.75,3.375,1.0125,2.025,1.0,1.34,0.34
YXM33,29A,0.5233,0.7929,1.66,-1,1,191,11.5,5.75,1.725,3.45,1.0,1.58,0.43
1MR3E,P42,0.4548,1.8639,1.244,-1,0,166,9.4,4.7,1.41,2.82,1.0,1.47,0.39
WKVN8,HVP,0.2603,7.5523,1.0345,-1,0,95,7.98,3.99,1.197,2.394,1.0,1.4,0.36
SU1WQ,OXH,0.3616,0.4761,1.7596,-1,1,132,15.4633,7.7317,2.3195,4.639,1.0,1.77,0.51
GZN4P,X52,0.7808,5.6387,1.1385,-1,0,285,3.42,1.71,0.513,1.026,1.0,1.17,0.27
FI2NX,IEV,1.126,0.6657,2.6915,-1,1,411,6.915,3.4575,1.0372,2.0745,1.0,1.35,0.34
3ZCJ5,LPF,0.6164,0.2906,3.1213,-1,1,225,2.605,1.3025,0.3908,0.7815,1.0,1.13,0.25
93JH4,J4R,0.6795,0.5626,2.2076,-1,1,248,20.1,10.05,3.015,6.03,1.0,2.0,0.6
3CEPQ,H8O,0.4603,0.7249,1.635,-1,1,168,2.71,1.355,0.4065,0.813,1.0,1.14,0.25
MJFJY,U5F,0.5096,0.4285,2.1893,-1,1,186,2.92,1.46,0.438,0.876,1.0,1.15,0.26
YDKX3,SJS,0.2384,0.5881,1.4053,-1,1,87,7.92,3.96,1.188,2.376,1.0,1.4,0.36
J86AK,DMA,0.3918,0.2547,2.5383,-1,1,143,9.87,4.935,1.4805,2.961,1.0,1.49,0.4
WHRHA,LPF,0.4082,0.288,2.4173,-1,1,149,2.14,1.07,0.321,0.642,1.0,1.11,0.24
M3SY1,QLB,0.9233,0.8213,2.1242,-1,1,337,7.17,3.585,1.0755,2.151,1.0,1.36,0.34
8XU9Y,01F,1.063,0.7505,2.4164,-1,1,388,3.5,1.75,0.525,1.05,1.0,1.18,0.27
AHCKE,HVP,0.2767,2.3189,1.1193,-1,0,101,9.0,4.5,1.35,2.7,1.0,1.45,0.38
0HUPP,JPI,0.2411,0.3609,1.668,-1,1,88,2.04,1.02,0.306,0.612,1.0,1.1,0.24
67D07,U5F,0.7562,0.4666,2.6206,-1,1,276,3.37,1.685,0.5055,1.011,1.0,1.17,0.27
SJ0ZD,FU5,2.6548,1.3128,3.0222,-1,1,969,1.235,0.6175,0.1852,0.3705,1.0,1.06,0.22
8N1HN,PZW,0.4247,1.5606,1.2721,-1,0,155,5.46,2.73,0.819,1.638,1.0,1.27,0.31
72EUE,8HU,0.2219,0.1912,2.1608,-1,1,81,1.58,0.79,0.237,0.474,1.0,1.08,0.23
9XBLL,P42,0.4137,1.3143,1.3148,-1,1,151,9.35,4.675,1.4025,2.805,1.0,1.47,0.39
VCQMD,MOE,0.3945,5.0774,1.0777,-1,0,144,4.26,2.13,0.639,1.278,1.0,1.21,0.29
PV9XZ,9ZX,0.3726,0.3487,2.0686,-1,1,136,8.4,4.2,1.26,2.52,1.0,1.42,0.37
NDCX9,VQD,0.4438,1.0878,1.408,-1,1,162,2.84,1.42,0.426,0.852,1.0,1.14,0.26
T619A,FEW,0.4082,2.8724,1.1421,-1,0,149,17.33,8.665,2.5995,5.199,1.0,1.87,0.55
X05XH,N8U,1.2411,1.5802,1.7854,-1,1,453,5.97,2.985,0.8955,1.791,1.0,1.3,0.32
QGK3S,N8U,1.6767,3.2488,1.5161,-1,1,612,5.69,2.845,0.8535,1.707,1.0,1.28,0.31
3483Q,2ML,0.4055,10.0201,1.0405,-1,0,148,7.29,3.645,1.0935,2.187,1.0,1.36,0.35
JE62Y,N8U,0.4466,0.8347,1.535,-1,1,163,5.4,2.7,0.81,1.62,1.0,1.27,0.31
OEJ4F,U5F,0.9041,0.6169,2.4656,-1,1,330,2.4967,1.2483,0.3745,0.749,1.0,1.12,0.25
KS95Q,R6E,0.9288,1.1279,1.8234,-1,1,339,7.86,3.93,1.179,2.358,1.0,1.39,0.36
GL84R,MOE,0.4192,1.5319,1.2736,-1,0,153,4.04,2.02,0.606,1.212,1.0,1.2,0.28
549KK,0H2,0.4548,1.3361,1.3404,-1,1,166,5.66,2.83,0.849,1.698,1.0,1.28,0.31
8EHWG,Z23,0.2247,0.185,2.2144,-1,1,82,3.81,1.905,0.5715,1.143,1.0,1.19,0.28
SJXBP,6BZ,0.2904,2.023,1.1436,-1,0,106,5.55,2.775,0.8325,1.665,1.0,1.28,0.31
OUC6J,ILF,1.4493,0.634,3.286,-1,1,529,13.8967,6.9483,2.0845,4.169,1.0,1.69,0.48
J7YN6,U5F,0.4712,0.4797,1.9823,-1,1,172,8.19,4.095,1.2285,2.457,1.0,1.41,0.36
XA9RG,OXH,0.2849,0.2383,2.1958,-1,1,104,1.405,0.7025,0.2108,0.4215,1.0,1.07,0.23
1XG54,0H2,0.4575,0.7236,1.6323,-1,1,167,7.0225,3.5112,1.0534,2.1068,1.0,1.35,0.34
GGYTB,01F,0.4027,0.3549,2.1347,-1,1,147,8.985,4.4925,1.3477,2.6955,1.0,1.45,0.38
HTVVJ,TVL,0.3644,0.5666,1.6431,-1,1,133,4.09,2.045,0.6135,1.227,1.0,1.2,0.28
LJ26I,9ZX,1.7315,0.8305,3.0849,-1,1,632,21.65,10.825,3.2475,6.495,1.0,2.08,0.63
9TF6B,Q4N,0.3205,0.4439,1.7222,-1,1,117,4.06,2.03,0.609,1.218,1.0,1.2,0.28
FJZC4,01F,0.2877,0.6596,1.4361,-1,1,105,1.82,0.91,0.273,0.546,1.0,1.09,0.24
YIM6C,R6E,0.411,1.2242,1.3357,-1,1,150,8.65,4.325,1.2975,2.595,1.0,1.43,0.37
GB05L,1VL,0.9945,3.1951,1.3113,-1,1,363,4.23,2.115,0.6345,1.269,1.0,1.21,0.28
R12GW,EKM,0.3014,4.84,1.0623,-1,0,110,10.32,5.16,1.548,3.096,1.0,1.52,0.41
9VWB9,FEW,0.2712,1.5659,1.1732,-1,0,99,10.15,5.075,1.5225,3.045,1.0,1.51,0.4
E3PAN,H15,1.4521,3.1232,1.4649,-1,1,530,8.87,4.435,1.3305,2.661,1.0,1.44,0.38
NSGRM,LSD,0.4603,1.4143,1.3254,-1,1,168,11.02,5.51,1.653,3.306,1.0,1.55,0.42
UCK6F,2O0,0.6712,0.5146,2.3043,-1,1,245,9.93,4.965,1.4895,2.979,1.0,1.5,0.4
11H2S,Q4N,0.326,0.5449,1.5983,-1,1,119,19.88,9.94,2.982,5.964,1.0,1.99,0.6
M4315,LPF,0.2521,0.1858,2.3566,-1,1,92,9.585,4.7925,1.4378,2.8755,1.0,1.48,0.39
FVB1M,T80,0.3014,2.58,1.1168,-1,0,110,4.3,2.15,0.645,1.29,1.0,1.22,0.29
EGB8E,Q4N,0.2849,0.4751,1.5997,-1,1,104,11.13,5.565,1.6695,3.339,1.0,1.56,0.42
TDIEQ,A38,0.2438,0.1289,2.891,-1,1,89,2.49,1.245,0.3735,0.747,1.0,1.12,0.25
KSC1E,69K,0.3288,0.973,1.3379,-1,1,120,8.56,4.28,1.284,2.568,1.0,1.43,0.37
81AIS,FEW,0.4356,3.3401,1.1304,-1,0,159,8.25,4.125,1.2375,2.475,1.0,1.41,0.36
WNBBE,U5F,1.6301,0.839,2.943,-1,1,595,1.91,0.955,0.2865,0.573,1.0,1.1,0.24
X5TFY,N8U,0.7014,3.0719,1.2283,-1,0,256,4.5,2.25,0.675,1.35,1.0,1.23,0.29
V5PF0,JPI,0.2438,0.1003,3.4303,-1,1,89,0.68,0.34,0.102,0.204,1.0,1.03,0.21
GR6UE,P42,0.2219,0.7482,1.2966,-1,0,81,4.57,2.285,0.6855,1.371,1.0,1.23,0.29
CZUZX,0H2,1.7479,9.3862,1.1862,-1,0,638,6.35,3.175,0.9525,1.905,1.0,1.32,0.33
1AORX,FDS,0.6164,0.4634,2.3302,-1,1,225,6.06,3.03,0.909,1.818,1.0,1.3,0.32
9Y7M0,9ZX,1.5315,0.8249,2.8567,-1,1,559,13.05,6.525,1.9575,3.915,1.0,1.65,0.46
967JZ,Q4N,0.4685,0.5206,1.8999,-1,1,171,12.43,6.215,1.8645,3.729,1.0,1.62,0.45
GKNOY,8HU,0.3233,0.4549,1.7106,-1,1,118,2.04,1.02,0.306,0.612,1.0,1.1,0.24
Z0VP2,LSD,0.3753,0.5113,1.7341,-1,1,137,5.76,2.88,0.864,1.728,1.0,1.29,0.32
J93NR,AEB,0.2877,2.561,1.1123,-1,0,105,5.38,2.69,0.807,1.614,1.0,1.27,0.31
CWB61,8HU,0.3589,0.3156,2.1373,-1,1,131,4.53,2.265,0.6795,1.359,1.0,1.23,0.29
DP4O9,LPF,0.2438,0.5131,1.4753,-1,1,89,16.56,8.28,2.484,4.968,1.0,1.83,0.53
5FESW,C8Z,0.2932,6.7705,1.0433,-1,0,107,14.43,7.215,2.1645,4.329,1.0,1.72,0.49
ISNFA,Q4N,0.2712,0.6223,1.4358,-1,1,99,7.44,3.72,1.116,2.232,1.0,1.37,0.35
F0PNJ,BEQ,0.2219,0.7482,1.2966,-1,0,81,5.73,2.865,0.8595,1.719,1.0,1.29,0.31
VEZ1N,FU5,0.2932,0.233,2.2583,-1,1,107,5.52,2.76,0.828,1.656,1.0,1.28,0.31
RVG1H,01F,0.2767,0.3774,1.7332,-1,1,101,1.68,0.84,0.252,0.504,1.0,1.08,0.23
DUWYY,R6E,0.7233,0.4557,2.5873,-1,1,264,4.19,2.095,0.6285,1.257,1.0,1.21,0.28
U6L1W,LPF,0.4137,0.5919,1.6989,-1,1,151,10.15,5.075,1.5225,3.045,1.0,1.51,0.4
3UH0F,SJS,0.2795,0.3115,1.897,-1,1,102,6.35,3.175,0.9525,1.905,1.0,1.32,0.33
6ASJR,TVL,0.3644,4.2007,1.0867,-1,0,133,6.0,3.0,0.9,1.8,1.0,1.3,0.32
EPQH3,1VL,0.3973,0.4865,1.8165,-1,1,145,4.44,2.22,0.666,1.332,1.0,1.22,0.29
EE1JA,SKG,0.2301,1.526,1.1508,-1,0,84,12.25,6.125,1.8375,3.675,1.0,1.61,0.44
M6J9W,N8U,1.9616,1.8253,2.0747,-1,1,716,6.48,3.24,0.972,1.944,1.0,1.32,0.33
N0O1G,OXH,0.3781,0.3841,1.9842,-1,1,138,2.685,1.3425,0.4028,0.8055,1.0,1.13,0.25
MGNU4,YMJ,0.2849,1.1239,1.2535,-1,0,104,6.75,3.375,1.0125,2.025,1.0,1.34,0.34
GJUAD,FZT,0.2521,3.4047,1.074,-1,0,92,4.91,2.455,0.7365,1.473,1.0,1.25,0.3
QD4DC,LSD,0.3863,0.3331,2.1598,-1,1,141,2.37,1.185,0.3555,0.711,1.0,1.12,0.25
X9YT7,IEV,1.1151,0.9531,2.1699,-1,1,407,1.9,0.95,0.285,0.57,1.0,1.1,0.24
DL5MU,IEV,0.874,0.5095,2.7154,-1,1,319,5.4933,2.7467,0.824,1.648,1.0,1.27,0.31
ABF3R,JPI,0.2219,0.1664,2.3336,-1,1,81,2.1267,1.0633,0.319,0.638,1.0,1.11,0.24
2IA22,OXH,0.6548,2.0727,1.3159,-1,1,239,9.39,4.695,1.4085,2.817,1.0,1.47,0.39
4PLF3,N5F,0.274,0.7918,1.346,-1,1,100,2.91,1.455,0.4365,0.873,1.0,1.15,0.26
EWCRO,H15,0.2466,1.0176,1.2423,-1,0,90,9.62,4.81,1.443,2.886,1.0,1.48,0.39
DWJC4,OQA,2.2548,1.9125,2.179,-1,1,823,12.87,6.435,1.9305,3.861,1.0,1.64,0.46
ZWFSY,W41,2.3616,0.1133,21.8495,-1,1,862,0.5726,0.2863,0.0859,0.1718,1.0,1.03,0.21
1CJ28,OXH,0.2822,0.1522,2.8537,-1,1,103,2.97,1.485,0.4455,0.891,1.0,1.15,0.26
A5GZA,1VL,0.2493,9999.0,0.9924,-1,0,91,2.33,1.165,0.3495,0.699,1.0,1.12,0.25
4084G,OBD,0.3616,3.3469,1.1081,-1,0,132,4.4,2.2,0.66,1.32,1.0,1.22,0.29
JVRR6,AEB,0.3068,1.0864,1.2824,-1,0,112,0.96,0.48,0.144,0.288,1.0,1.05,0.22
W22UD,P42,0.2384,1.2012,1.1984,-1,0,87,5.93,2.965,0.8895,1.779,1.0,1.3,0.32
O3VWQ,TW8,0.7342,0.796,1.9225,-1,1,268,1.36,0.68,0.204,0.408,1.0,1.07,0.23
BW1M6,N8U,0.5863,3.0956,1.1894,-1,0,214,1.42,0.71,0.213,0.426,1.0,1.07,0.23
6I4Z1,EPM,0.3452,0.1657,3.0834,-1,1,126,2.81,1.405,0.4215,0.843,1.0,1.14,0.26
36WYR,LSD,0.2411,0.4959,1.4862,-1,1,88,7.0,3.5,1.05,2.1,1.0,1.35,0.34
2WKBS,M7X,1.0932,1.3898,1.7865,-1,1,399,15.15,7.575,2.2725,4.545,1.0,1.76,0.5
0ZL4S,4Y8,0.6274,0.2679,3.342,-1,1,229,4.065,2.0325,0.6098,1.2195,1.0,1.2,0.28
XJLWY,H15,0.5014,3.2479,1.1544,-1,0,183,5.88,2.94,0.882,1.764,1.0,1.29,0.32
6TXTJ,FU5,2.1151,1.006,3.1025,-1,1,772,1.2933,0.6467,0.194,0.388,1.0,1.06,0.23
C7BXJ,2ML,0.2356,9999.0,0.9737,-1,0,86,6.0,3.0,0.9,1.8,1.0,1.3,0.32
VZELE,U5F,0.3479,0.295,2.1796,-1,1,127,3.34,1.67,0.501,1.002,1.0,1.17,0.27
IPVE6,P42,0.9425,2.8491,1.3308,-1,1,344,4.5,2.25,0.675,1.35,1.0,1.23,0.29
62RSL,FEW,0.4795,0.5823,1.8234,-1,1,175,7.23,3.615,1.0845,2.169,1.0,1.36,0.34
F2HBX,Q4N,0.3096,0.4542,1.6816,-1,1,113,8.69,4.345,1.3035,2.607,1.0,1.43,0.37
RD592,EKM,0.3014,0.2938,2.0259,-1,1,110,3.18,1.59,0.477,0.954,1.0,1.16,0.26
88T6V,8HU,0.3781,0.7067,1.535,-1,1,138,4.7,2.35,0.705,1.41,1.0,1.24,0.29
ZSVWE,XG4,0.8986,40.6591,1.0221,-1,0,328,6.75,3.375,1.0125,2.025,1.0,1.34,0.34
7EROX,8HU,0.2438,0.2164,2.127,-1,1,89,6.94,3.47,1.041,2.082,1.0,1.35,0.34
7FGIM,Q4N,0.3233,0.6374,1.5072,-1,1,118,7.37,3.685,1.1055,2.211,1.0,1.37,0.35
ZUN8X,C8Z,0.7808,1.2682,1.6157,-1,1,285,4.3,2.15,0.645,1.29,1.0,1.22,0.29
VU316,OXH,0.6027,0.4922,2.2245,-1,1,220,3.115,1.5575,0.4672,0.9345,1.0,1.16,0.26
707VJ,1EO,0.2712,0.2254,2.2035,-1,1,99,1.53,0.765,0.2295,0.459,1.0,1.08,0.23
W14J3,EKM,1.0329,1.27,1.8133,-1,1,377,2.64,1.32,0.396,0.792,1.0,1.13,0.25
7GQRJ,YMJ,1.3068,1.3134,1.995,-1,1,477,11.65,5.825,1.7475,3.495,1.0,1.58,0.43
HV0P3,ZX5,0.2384,0.3385,1.7042,-1,1,87,6.5,3.25,0.975,1.95,1.0,1.32,0.33
U6GWD,YMJ,0.3425,0.7485,1.4575,-1,1,125,10.85,5.425,1.6275,3.255,1.0,1.54,0.42
WJSXR,U5F,0.7589,0.6453,2.1761,-1,1,277,4.2133,2.1067,0.632,1.264,1.0,1.21,0.28
PO1N6,29A,1.0192,0.9139,2.1152,-1,1,372,7.44,3.72,1.116,2.232,1.0,1.37,0.35
A9P11,J4R,1.1151,1.4446,1.7719,-1,1,407,6.92,3.46,1.038,2.076,1.0,1.35,0.34
5IT1P,2ML,0.3534,1.1283,1.3132,-1,1,129,9.82,4.91,1.473,2.946,1.0,1.49,0.4
I1PEZ,01F,0.3068,0.2461,2.2467,-1,1,112,3.885,1.9425,0.5828,1.1655,1.0,1.19,0.28
KWDJZ,JR5,0.4493,1.048,1.4287,-1,1,164,5.38,2.69,0.807,1.614,1.0,1.27,0.31
ER84H,IEV,0.5753,0.4012,2.4342,-1,1,210,8.5,4.25,1.275,2.55,1.0,1.42,0.37
5GEWY,6BZ,0.2603,0.1635,2.5924,-1,1,95,37.555,18.7775,5.6332,11.2665,1.0,2.88,0.95
6NK76,Z23,0.3699,0.4302,1.8598,-1,1,135,4.57,2.285,0.6855,1.371,1.0,1.23,0.29
GV9P6,OXH,0.2767,0.2328,2.1886,-1,1,101,1.965,0.9825,0.2948,0.5895,1.0,1.1,0.24
TNY4W,1EO,0.2329,0.1829,2.273,-1,1,85,4.12,2.06,0.618,1.236,1.0,1.21,0.28
U47J1,LSD,0.5699,0.8379,1.6801,-1,1,208,8.985,4.4925,1.3477,2.6955,1.0,1.45,0.38
PUT4X,0H2,0.2329,0.3652,1.6377,-1,1,85,7.57,3.785,1.1355,2.271,1.0,1.38,0.35
SRKOW,BZU,0.4301,4.6675,1.0922,-1,0,157,7.23,3.615,1.0845,2.169,1.0,1.36,0.34
HZEFW,FU5,0.6411,0.4492,2.4273,-1,1,234,7.46,3.73,1.119,2.238,1.0,1.37,0.35
BOH1U,LPF,0.2219,4.4663,1.0497,-1,0,81,25.45,12.725,3.8175,7.635,1.0,2.27,0.71
HT9WP,8HU,0.2192,0.2179,2.0058,-1,1,80,14.37,7.185,2.1555,4.311,1.0,1.72,0.49
O1X0L,0H2,0.337,0.4122,1.8175,-1,1,123,6.13,3.065,0.9195,1.839,1.0,1.31,0.32
B4KFE,R6E,0.3507,9999.0,0.9931,-1,0,128,5.62,2.81,0.843,1.686,1.0,1.28,0.31
Q4CYW,LPF,0.3699,0.3724,1.9931,-1,1,135,12.55,6.275,1.8825,3.765,1.0,1.63,0.45
F90L2,R6E,1.1562,3.5849,1.3225,-1,1,422,2.37,1.185,0.3555,0.711,1.0,1.12,0.25
3QNEE,FEW,0.2603,0.3908,1.666,-1,1,95,1.36,0.68,0.204,0.408,1.0,1.07,0.23
6ED7U,2LA,0.5397,9.108,1.0593,-1,0,197,5.32,2.66,0.798,1.596,1.0,1.27,0.31
FBID9,MU3,0.2904,0.2982,1.9737,-1,1,106,4.38,2.19,0.657,1.314,1.0,1.22,0.29
7J2DT,D6J,0.2411,1.9675,1.1225,-1,0,88,61.28,30.64,9.192,18.384,1.0,4.06,1.43
EVU5M,R6E,0.2411,9999.0,0.9407,-1,0,88,6.81,3.405,1.0215,2.043,1.0,1.34,0.34
AHAE7,XG4,0.2877,9999.0,0.9409,-1,0,105,4.71,2.355,0.7065,1.413,1.0,1.24,0.29
S79EQ,EKM,0.2493,0.3181,1.7837,-1,1,91,2.84,1.42,0.426,0.852,1.0,1.14,0.26
75L4V,R6E,0.2822,1.9462,1.145,-1,0,103,2.73,1.365,0.4095,0.819,1.0,1.14,0.25
G5878,Q4N,0.4411,1.5115,1.2918,-1,0,161,7.23,3.615,1.0845,2.169,1.0,1.36,0.34
QBGOD,4ZE,0.5699,0.0961,6.9301,-1,1,208,0.075,0.0375,0.0112,0.0225,1.0,1.0,0.2
NZR88,JPI,0.8603,0.1043,9.248,-1,1,314,0.315,0.1575,0.0472,0.0945,1.0,1.02,0.21
AGSZN,IEV,0.4959,0.3114,2.5925,-1,1,181,4.145,2.0725,0.6217,1.2435,1.0,1.21,0.28
Y069M,TW8,0.3507,0.2932,2.1962,-1,1,128,1.62,0.81,0.243,0.486,1.0,1.08,0.23
NZY1K,XG4,0.3014,0.8996,1.335,-1,1,110,4.77,2.385,0.7155,1.431,1.0,1.24,0.3
7Y2WS,P42,0.8356,1.0569,1.7906,-1,1,305,4.02,2.01,0.603,1.206,1.0,1.2,0.28
BEXHX,O38,0.2329,3.1898,1.073,-1,0,85,1.97,0.985,0.2955,0.591,1.0,1.1,0.24
IQNBU,XG4,0.7342,61.0748,1.012,-1,0,268,6.62,3.31,0.993,1.986,1.0,1.33,0.33
BKO3J,H15,0.2438,1.3315,1.1831,-1,0,89,9.0,4.5,1.35,2.7,1.0,1.45,0.38
GHI2Q,MU3,0.5178,1.3954,1.3711,-1,1,189,4.38,2.19,0.657,1.314,1.0,1.22,0.29
7NP6T,H1H,0.4466,0.172,3.5964,-1,1,163,0.48,0.24,0.072,0.144,1.0,1.02,0.21
WALAE,TW8,0.2986,0.2334,2.2794,-1,1,109,1.5,0.75,0.225,0.45,1.0,1.08,0.23
NUL2D,Q4N,0.2521,1.3794,1.1827,-1,0,92,12.27,6.135,1.8405,3.681,1.0,1.61,0.45
XC8GZ,H15,0.2932,9999.0,0.9311,-1,0,107,3.96,1.98,0.594,1.188,1.0,1.2,0.28
I36F2,N8U,0.7918,17.3676,1.0456,-1,0,289,4.63,2.315,0.6945,1.389,1.0,1.23,0.29
1T1WT,LGI,0.2658,2.1092,1.126,-1,0,97,7.27,3.635,1.0905,2.181,1.0,1.36,0.35
0D3EZ,J4R,0.2575,0.6084,1.4233,-1,1,94,5.64,2.82,0.846,1.692,1.0,1.28,0.31
80GQW,SJS,0.5534,0.5584,1.9911,-1,1,202,18.49,9.245,2.7735,5.547,1.0,1.92,0.57
9J5RX,N8U,0.5342,3.0802,1.1734,-1,0,195,8.18,4.09,1.227,2.454,1.0,1.41,0.36
4J10Q,7C6,0.5699,0.5451,2.0455,-1,1,208,4.41,2.205,0.6615,1.323,1.0,1.22,0.29
ZE55T,J4R,0.2521,0.9346,1.2697,-1,0,92,21.34,10.67,3.201,6.402,1.0,2.07,0.63
ML051,EKM,0.3205,0.2396,2.3376,-1,1,117,29.04,14.52,4.356,8.712,1.0,2.45,0.78
6LB6U,FU5,0.389,0.3981,1.9772,-1,1,142,7.145,3.5725,1.0718,2.1435,1.0,1.36,0.34
PQHSC,HVP,0.3041,2.3699,1.1283,-1,0,111,8.12,4.06,1.218,2.436,1.0,1.41,0.36
A59HR,29A,2.4986,1.4021,2.7821,-1,1,912,3.12,1.56,0.468,0.936,1.0,1.16,0.26
OGKA9,U5F,1.3096,0.7506,2.7448,-1,1,478,3.8067,1.9033,0.571,1.142,1.0,1.19,0.28
MRE4J,Q4N,1.4356,2.0346,1.7056,-1,1,524,3.41,1.705,0.5115,1.023,1.0,1.17,0.27
C3R9E,T80,0.2274,1.6964,1.134,-1,0,83,6.21,3.105,0.9315,1.863,1.0,1.31,0.32
FVNKQ,GGP,0.3918,1.1678,1.3355,-1,1,143,9.135,4.5675,1.3702,2.7405,1.0,1.46,0.38
2IUD5,FU5,0.4329,0.2762,2.5671,-1,1,158,2.0833,1.0417,0.3125,0.625,1.0,1.1,0.24
NKP6M,JB0,0.2192,0.3618,1.6058,-1,1,80,41.6,20.8,6.24,12.48,1.0,3.08,1.03
TI4FY,1VL,0.2411,2.4155,1.0998,-1,0,88,6.35,3.175,0.9525,1.905,1.0,1.32,0.33
85WDI,N8U,1.4301,1.0673,2.34,-1,1,522,1.195,0.5975,0.1792,0.3585,1.0,1.06,0.22
9STQJ,0H2,0.8329,5.651,1.1474,-1,0,304,7.1,3.55,1.065,2.13,1.0,1.36,0.34
4A2M0,N8U,0.3233,6.5187,1.0496,-1,0,118,7.23,3.615,1.0845,2.169,1.0,1.36,0.34
THI3S,EKM,0.5616,0.2802,3.0042,-1,1,205,1.24,0.62,0.186,0.372,1.0,1.06,0.22
3JP9W,TZB,0.2274,16.7616,1.0136,-1,0,83,8.93,4.465,1.3395,2.679,1.0,1.45,0.38
WYFCJ,TZB,0.5589,1.728,1.3234,-1,1,204,11.18,5.59,1.677,3.354,1.0,1.56,0.42
EIX2K,R6E,0.5178,0.5556,1.9319,-1,1,189,3.69,1.845,0.5535,1.107,1.0,1.18,0.27
75NLL,LPF,0.2685,0.1758,2.5274,-1,1,98,2.58,1.29,0.387,0.774,1.0,1.13,0.25
HCTMU,LPF,0.4,0.2786,2.4356,-1,1,146,9.34,4.67,1.401,2.802,1.0,1.47,0.39
2228Z,LPF,0.2603,9999.0,0.9713,-1,0,95,18.32,9.16,2.748,5.496,1.0,1.92,0.57
V8L6W,QCG,0.3096,6.9738,1.0444,-1,0,113,3.82,1.91,0.573,1.146,1.0,1.19,0.28
FS0P8,01F,0.2959,0.3992,1.7411,-1,1,108,7.28,3.64,1.092,2.184,1.0,1.36,0.35
2SLS0,TVL,0.3205,0.6411,1.5,-1,1,117,6.75,3.375,1.0125,2.025,1.0,1.34,0.34
P6RR0,01F,0.4575,0.2468,2.8538,-1,1,167,7.885,3.9425,1.1828,2.3655,1.0,1.39,0.36
ZVTO4,0H2,0.6466,3.5153,1.1839,-1,0,236,4.57,2.285,0.6855,1.371,1.0,1.23,0.29
W45SJ,PA3,0.2822,0.7465,1.378,-1,1,103,18.25,9.125,2.7375,5.475,1.0,1.91,0.56
815A1,SFC,0.3123,1.7458,1.1789,-1,0,114,3.44,1.72,0.516,1.032,1.0,1.17,0.27
TZ8LC,H15,0.4219,4.3246,1.0976,-1,0,154,7.1,3.55,1.065,2.13,1.0,1.36,0.34
FB3AG,PZW,0.2685,2.7161,1.0989,-1,0,98,6.13,3.065,0.9195,1.839,1.0,1.31,0.32
BGRWC,0H2,0.3726,4.4741,1.0833,-1,0,136,6.48,3.24,0.972,1.944,1.0,1.32,0.33
6X1O3,QV7,0.337,2.2344,1.1508,-1,0,123,4.22,2.11,0.633,1.266,1.0,1.21,0.28
FY7EH,OBD,0.3616,0.2021,2.7899,-1,1,132,14.17,7.085,2.1255,4.251,1.0,1.71,0.48
Z0NZL,IEV,0.3753,0.2489,2.5079,-1,1,137,2.28,1.14,0.342,0.684,1.0,1.11,0.25
XSD5Z,IEV,0.2329,0.2468,1.9436,-1,1,85,3.135,1.5675,0.4702,0.9405,1.0,1.16,0.26
TZYVQ,1EO,0.3726,0.5102,1.7303,-1,1,136,5.865,2.9325,0.8798,1.7595,1.0,1.29,0.32
3SR49,M7X,0.3068,0.4667,1.6574,-1,1,112,37.45,18.725,5.6175,11.235,1.0,2.87,0.95
VXH0U,Q4N,0.4192,0.6553,1.6396,-1,1,153,4.94,2.47,0.741,1.482,1.0,1.25,0.3
W8ANW,29A,0.4055,4.2899,1.0945,-1,0,148,7.38,3.69,1.107,2.214,1.0,1.37,0.35
9QP7J,69K,0.5315,2.5218,1.2108,-1,0,194,17.46,8.73,2.619,5.238,1.0,1.87,0.55
OJS5N,01F,0.5315,0.5082,2.0458,-1,1,194,25.91,12.955,3.8865,7.773,1.0,2.3,0.72
2AJB5,0H2,0.3397,0.8121,1.4183,-1,1,124,6.75,3.375,1.0125,2.025,1.0,1.34,0.34
JWDNL,QLB,0.3562,0.4002,1.89,-1,1,130,6.0,3.0,0.9,1.8,1.0,1.3,0.32
T7XBG,GGP,0.3507,0.5674,1.6181,-1,1,128,4.3,2.15,0.645,1.29,1.0,1.22,0.29
WINPO,TW8,0.3616,0.8797,1.4111,-1,1,132,2.06,1.03,0.309,0.618,1.0,1.1,0.24
2VWI7,8HU,0.3041,0.8388,1.3626,-1,1,111,20.64,10.32,3.096,6.192,1.0,2.03,0.61
A4R06,FEW,0.337,1.4518,1.2321,-1,0,123,9.88,4.94,1.482,2.964,1.0,1.49,0.4
HKLEU,FDS,0.7151,0.6878,2.0397,-1,1,261,6.9933,3.4967,1.049,2.098,1.0,1.35,0.34
KK3R7,JB0,0.2904,0.601,1.4832,-1,1,106,29.59,14.795,4.4385,8.877,1.0,2.48,0.79
AL5E4,H8O,0.3507,3.4233,1.1024,-1,0,128,6.81,3.405,1.0215,2.043,1.0,1.34,0.34
VHZUD,U5F,1.5096,1.0191,2.4813,-1,1,551,2.715,1.3575,0.4072,0.8145,1.0,1.14,0.25
R8GC5,NY7,0.4356,0.637,1.6839,-1,1,159,8.93,4.465,1.3395,2.679,1.0,1.45,0.38
TU0A5,N8U,0.6521,2.9386,1.2219,-1,0,238,4.5,2.25,0.675,1.35,1.0,1.23,0.29
JCYBN,P42,1.1863,2.8485,1.4165,-1,1,433,5.38,2.69,0.807,1.614,1.0,1.27,0.31
Z2RE8,N8U,0.3233,0.5622,1.575,-1,1,118,1.86,0.93,0.279,0.558,1.0,1.09,0.24
MXS1Y,IEV,0.4219,0.2696,2.5651,-1,1,154,3.8067,1.9033,0.571,1.142,1.0,1.19,0.28
24RYV,U5F,0.4164,0.3465,2.202,-1,1,152,3.0,1.5,0.45,0.9,1.0,1.15,0.26
PWG2Z,IEV,2.2438,1.2654,2.7733,-1,1,819,5.0067,2.5033,0.751,1.502,1.0,1.25,0.3
9KT5R,U5F,0.3068,0.1935,2.586,-1,1,112,2.37,1.185,0.3555,0.711,1.0,1.12,0.25
ZN9A0,01F,0.3452,0.1794,2.9246,-1,1,126,1.6267,0.8133,0.244,0.488,1.0,1.08,0.23
KOF7U,29A,0.4767,1.1674,1.4083,-1,1,174,6.44,3.22,0.966,1.932,1.0,1.32,0.33
Z1G08,69K,0.526,0.4654,2.1302,-1,1,192,4.43,2.215,0.6645,1.329,1.0,1.22,0.29
IQYAY,N8U,0.5123,2.9758,1.1722,-1,0,187,9.48,4.74,1.422,2.844,1.0,1.47,0.39
GQH4S,FEW,0.3781,9999.0,0.8973,-1,0,138,10.57,5.285,1.5855,3.171,1.0,1.53,0.41
4X8P4,U5F,1.4164,3.6306,1.3901,-1,1,517,5.19,2.595,0.7785,1.557,1.0,1.26,0.3
IOEO6,XG4,0.2192,0.4333,1.5058,-1,1,80,8.52,4.26,1.278,2.556,1.0,1.43,0.37
L6Q95,IEV,0.3589,0.3823,1.9388,-1,1,131,2.33,1.165,0.3495,0.699,1.0,1.12,0.25
JUOQY,1EO,0.2411,0.2337,2.0316,-1,1,88,6.23,3.115,0.9345,1.869,1.0,1.31,0.32
AM6EH,SFC,0.7068,5.7651,1.1226,-1,0,258,2.43,1.215,0.3645,0.729,1.0,1.12,0.25
58LSB,U5F,0.4521,0.5508,1.8207,-1,1,165,1.65,0.825,0.2475,0.495,1.0,1.08,0.23
14V9T,N8U,0.4301,27.3574,1.0157,-1,0,157,3.41,1.705,0.5115,1.023,1.0,1.17,0.27
FQZL8,N8U,0.6521,0.3602,2.8101,-1,1,238,2.0433,1.0217,0.3065,0.613,1.0,1.1,0.24
TIE11,01F,0.4192,1.0042,1.4174,-1,1,153,16.52,8.26,2.478,4.956,1.0,1.83,0.53
F79YP,FEW,1.1644,1.3122,1.8874,-1,1,425,14.25,7.125,2.1375,4.275,1.0,1.71,0.48
S4W7B,Z4O,0.2384,0.7606,1.3134,-1,1,87,4.94,2.47,0.741,1.482,1.0,1.25,0.3
8KNYA,C8Z,0.2603,2.6662,1.0976,-1,0,95,22.18,11.09,3.327,6.654,1.0,2.11,0.64
C6TXL,NTA,2.8137,1.7989,2.5641,-1,1,1027,4.5,2.25,0.675,1.35,1.0,1.23,0.29
W6RZ8,D6J,0.3452,2.9989,1.1151,-1,0,126,67.95,33.975,10.1925,20.385,1.0,4.4,1.56
15PXV,H15,0.3178,2.1516,1.1477,-1,0,116,7.9,3.95,1.185,2.37,1.0,1.4,0.36
3R805,MTR,0.8849,0.252,4.5114,-1,1,323,1.035,0.5175,0.1552,0.3105,1.0,1.05,0.22
5DCXM,P42,1.0192,1.7645,1.5776,-1,1,372,4.02,2.01,0.603,1.206,1.0,1.2,0.28
RCC55,JPI,0.5178,0.2234,3.3182,-1,1,189,0.465,0.2325,0.0698,0.1395,1.0,1.02,0.21
3YDVF,6BZ,2.537,1.3928,2.8215,-1,1,926,31.77,15.885,4.7655,9.531,1.0,2.59,0.84
JW4BR,TW8,0.2301,1.0355,1.2222,-1,0,84,2.06,1.03,0.309,0.618,1.0,1.1,0.24
CTN07,QCG,1.011,0.6334,2.5961,-1,1,369,14.06,7.03,2.109,4.218,1.0,1.7,0.48
MYQAP,X52,0.2411,27.0769,1.0089,-1,0,88,12.33,6.165,1.8495,3.699,1.0,1.62,0.45
LG6Y2,9ZX,0.2712,0.139,2.951,-1,1,99,7.3633,3.6817,1.1045,2.209,1.0,1.37,0.35
OOS8E,OXH,0.2904,0.3041,1.9549,-1,1,106,3.3,1.65,0.495,0.99,1.0,1.16,0.27
OK7SI,IEV,0.263,0.1697,2.5495,-1,1,96,3.53,1.765,0.5295,1.059,1.0,1.18,0.27
CYAX0,LPF,1.8192,0.6847,3.6567,-1,1,664,3.6817,1.8408,0.5522,1.1045,1.0,1.18,0.27
UHKW8,U5F,0.9041,1.1148,1.811,-1,1,330,1.72,0.86,0.258,0.516,1.0,1.09,0.23
Z66QB,JPI,0.3863,0.0874,5.4222,-1,1,141,0.71,0.355,0.1065,0.213,1.0,1.04,0.21
0ZEQ8,7C6,0.2822,0.2444,2.1547,-1,1,103,7.835,3.9175,1.1752,2.3505,1.0,1.39,0.36
JJ9FT,FEW,0.8356,5.4069,1.1545,-1,0,305,5.79,2.895,0.8685,1.737,1.0,1.29,0.32
PN14V,FEW,0.3151,1.4062,1.2241,-1,0,115,9.35,4.675,1.4025,2.805,1.0,1.47,0.39
D9SFZ,JKC,0.326,0.2532,2.2874,-1,1,119,1.12,0.56,0.168,0.336,1.0,1.06,0.22
LPLTZ,29A,1.589,2.1821,1.7282,-1,1,580,3.9,1.95,0.585,1.17,1.0,1.2,0.28
3CLNY,H1H,0.2548,0.0713,4.5732,-1,1,93,0.615,0.3075,0.0922,0.1845,1.0,1.03,0.21
YRULF,8HU,0.9479,0.8282,2.1445,-1,1,346,6.805,3.4025,1.0207,2.0415,1.0,1.34,0.34
VKMQ4,8H8,0.5205,5.7853,1.09,-1,0,190,2.78,1.39,0.417,0.834,1.0,1.14,0.26
8KQ9S,IEV,0.3342,0.2529,2.3215,-1,1,122,7.32,3.66,1.098,2.196,1.0,1.37,0.35
KRX6I,IEV,1.3863,0.9057,2.5307,-1,1,506,1.75,0.875,0.2625,0.525,1.0,1.09,0.24
20XCP,8HU,1.0356,2.1213,1.4882,-1,1,378,15.83,7.915,2.3745,4.749,1.0,1.79,0.52
0PW5H,29A,0.5699,0.2967,2.9205,-1,1,208,11.19,5.595,1.6785,3.357,1.0,1.56,0.42
NPSQA,U5F,0.4219,0.3298,2.2794,-1,1,154,2.16,1.08,0.324,0.648,1.0,1.11,0.24
U26S2,FU5,0.3342,1.0955,1.3051,-1,1,122,7.25,3.625,1.0875,2.175,1.0,1.36,0.34
LLC2F,JB0,0.3425,0.1431,3.3935,-1,1,125,5.29,2.645,0.7935,1.587,1.0,1.26,0.31
RBNO8,29A,0.4767,1.691,1.2819,-1,0,174,10.02,5.01,1.503,3.006,1.0,1.5,0.4
I76YM,1VL,0.3288,0.1967,2.6712,-1,1,120,2.88,1.44,0.432,0.864,1.0,1.14,0.26
WTLC3,X52,0.2384,9999.0,0.9915,-1,0,87,5.12,2.56,0.768,1.536,1.0,1.26,0.3
A8OCS,FU5,0.2548,0.1937,2.3151,-1,1,93,3.72,1.86,0.558,1.116,1.0,1.19,0.27
7IE9S,N5F,0.7479,5.129,1.1458,-1,0,273,8.38,4.19,1.257,2.514,1.0,1.42,0.37
9LQGA,OXH,0.3836,0.4252,1.9022,-1,1,140,12.63,6.315,1.8945,3.789,1.0,1.63,0.45
WLUDY,FWN,0.4986,0.2807,2.7761,-1,1,182,19.8,9.9,2.97,5.94,1.0,1.99,0.6
0AEJH,N8U,0.2356,0.5099,1.4621,-1,1,86,1.89,0.945,0.2835,0.567,1.0,1.09,0.24
3SZO0,2ML,0.9562,1.4617,1.6542,-1,1,349,8.12,4.06,1.218,2.436,1.0,1.41,0.36
H87RV,N8U,1.0986,5.6882,1.1931,-1,0,401,5.38,2.69,0.807,1.614,1.0,1.27,0.31
EMJ1S,N8U,1.2904,7.3925,1.1746,-1,0,471,3.68,1.84,0.552,1.104,1.0,1.18,0.27
J83KR,N5F,0.2548,2.2997,1.1108,-1,0,93,6.27,3.135,0.9405,1.881,1.0,1.31,0.33
MKV69,JPI,0.2301,0.7249,1.3175,-1,1,84,1.58,0.79,0.237,0.474,1.0,1.08,0.23
PPR4D,IEV,0.4712,0.3479,2.3543,-1,1,172,4.9633,2.4817,0.7445,1.489,1.0,1.25,0.3
3F0QP,HTR,0.2219,0.3327,1.667,-1,1,81,4.12,2.06,0.618,1.236,1.0,1.21,0.28
DUV2Y,R6E,0.6411,1.6309,1.3931,-1,1,234,8.0,4.0,1.2,2.4,1.0,1.4,0.36
W1ZMG,A38,2.8301,1.7756,2.5939,-1,1,1033,3.855,1.9275,0.5782,1.1565,1.0,1.19,0.28
29DS1,FU5,1.674,0.8674,2.93,-1,1,611,9.34,4.67,1.401,2.802,1.0,1.47,0.39
NXWMB,U5F,0.4137,0.4976,1.8313,-1,1,151,3.645,1.8225,0.5468,1.0935,1.0,1.18,0.27
NGVVF,XX1,0.2548,0.2951,1.8635,-1,1,93,1.75,0.875,0.2625,0.525,1.0,1.09,0.24
0LCSZ,SJS,0.6795,0.6072,2.1189,-1,1,248,15.15,7.575,2.2725,4.545,1.0,1.76,0.5
WT0S7,FU5,0.2301,1.526,1.1508,-1,0,84,15.83,7.915,2.3745,4.749,1.0,1.79,0.52
KUXIK,X52,0.2959,1.227,1.2411,-1,0,108,2.66,1.33,0.399,0.798,1.0,1.13,0.25
EV6K0,V9H,0.3151,3.7097,1.0849,-1,0,115,13.44,6.72,2.016,4.032,1.0,1.67,0.47
MZL43,A38,0.2521,0.2395,2.0523,-1,1,92,2.715,1.3575,0.4072,0.8145,1.0,1.14,0.25
23Y9E,EMC,1.5205,1.2264,2.2398,-1,1,555,5.06,2.53,0.759,1.518,1.0,1.25,0.3
0TLU5,JKC,1.9342,0.6321,4.0601,-1,1,706,1.06,0.53,0.159,0.318,1.0,1.05,0.22
ERTYE,C8Z,0.5096,1.1123,1.4582,-1,1,186,15.62,7.81,2.343,4.686,1.0,1.78,0.51
J55IZ,SFC,0.2192,0.6625,1.3308,-1,1,80,2.31,1.155,0.3465,0.693,1.0,1.12,0.25
S7QET,Q4N,0.3425,0.5406,1.6335,-1,1,125,2.68,1.34,0.402,0.804,1.0,1.13,0.25
3TW0T,1VL,0.2521,1.1143,1.2262,-1,0,92,10.83,5.415,1.6245,3.249,1.0,1.54,0.42
KV45X,R6E,0.463,1.8742,1.247,-1,0,169,2.13,1.065,0.3195,0.639,1.0,1.11,0.24
W53F2,FU5,1.9534,0.7656,3.5515,-1,1,713,1.2167,0.6083,0.1825,0.365,1.0,1.06,0.22
LI0IX,J4R,0.4356,1.1792,1.3694,-1,1,159,6.25,3.125,0.9375,1.875,1.0,1.31,0.32
4L6WG,8HU,0.3863,0.3849,2.0038,-1,1,141,3.46,1.73,0.519,1.038,1.0,1.17,0.27
VGGTR,IEV,0.8986,0.9062,1.9916,-1,1,328,3.81,1.905,0.5715,1.143,1.0,1.19,0.28
DYMFI,TZB,0.3534,0.274,2.29,-1,1,129,2.37,1.185,0.3555,0.711,1.0,1.12,0.25
48IK8,TEU,0.2904,0.538,1.5398,-1,1,106,5.25,2.625,0.7875,1.575,1.0,1.26,0.3
6JAUD,EKM,0.2384,0.171,2.3938,-1,1,87,2.605,1.3025,0.3908,0.7815,1.0,1.13,0.25
VWUC7,R6E,0.5479,0.6431,1.8521,-1,1,200,3.31,1.655,0.4965,0.993,1.0,1.17,0.27
0SQIM,1EO,0.2658,0.853,1.3116,-1,1,97,3.53,1.765,0.5295,1.059,1.0,1.18,0.27
2MQGD,0KX,0.2575,1.2231,1.2106,-1,0,94,1.62,0.81,0.243,0.486,1.0,1.08,0.23
HPMTC,H15,0.2274,0.5698,1.3991,-1,1,83,4.38,2.19,0.657,1.314,1.0,1.22,0.29
DLFQW,R6E,0.9315,0.939,1.992,-1,1,340,4.19,2.095,0.6285,1.257,1.0,1.21,0.28
KZOT8,FZT,0.9534,2.3008,1.4144,-1,1,348,4.91,2.455,0.7365,1.473,1.0,1.25,0.3
8LANJ,IEV,1.6795,1.0249,2.6387,-1,1,613,6.9933,3.4967,1.049,2.098,1.0,1.35,0.34
W85U8,LPF,1.2274,0.7031,2.7458,-1,1,448,5.25,2.625,0.7875,1.575,1.0,1.26,0.3
5H3T1,LPF,0.7096,0.3631,2.9545,-1,1,259,2.55,1.275,0.3825,0.765,1.0,1.13,0.25
7LJOW,OXH,1.0,0.7115,2.4055,-1,1,365,2.4,1.2,0.36,0.72,1.0,1.12,0.25
EIFZN,LGI,0.2384,3.9401,1.0605,-1,0,87,7.06,3.53,1.059,2.118,1.0,1.35,0.34
9G88I,MOE,0.2247,3.3026,1.068,-1,0,82,3.25,1.625,0.4875,0.975,1.0,1.16,0.26
B2IW9,P42,0.2822,1.9462,1.145,-1,0,103,9.0,4.5,1.35,2.7,1.0,1.45,0.38
J8DD7,LPF,1.0082,0.4763,3.1168,-1,1,368,3.83,1.915,0.5745,1.149,1.0,1.19,0.28
3PWIY,IEV,0.9096,0.5807,2.5663,-1,1,332,6.71,3.355,1.0065,2.013,1.0,1.34,0.33
3HGWL,LGI,0.2548,3.7588,1.0678,-1,0,93,4.81,2.405,0.7215,1.443,1.0,1.24,0.3
4ZFSH,8HU,0.274,0.6143,1.446,-1,1,100,3.3,1.65,0.495,0.99,1.0,1.16,0.27
RKK2C,0H2,0.3178,0.6938,1.4581,-1,1,116,7.43,3.715,1.1145,2.229,1.0,1.37,0.35
536VK,QCG,1.2685,11.5869,1.1095,-1,0,463,6.35,3.175,0.9525,1.905,1.0,1.32,0.33
I1MDT,JPI,0.3479,0.0457,8.6206,-1,1,127,0.9533,0.4767,0.143,0.286,1.0,1.05,0.22
KXGZ8,RU6,0.2329,0.3083,1.7554,-1,1,85,7.56,3.78,1.134,2.268,1.0,1.38,0.35
Y8N00,JPI,0.2356,0.3082,1.7644,-1,1,86,0.88,0.44,0.132,0.264,1.0,1.04,0.22
DFPBD,EPM,0.3068,0.1187,3.586,-1,1,112,1.5,0.75,0.225,0.45,1.0,1.08,0.23
NPV8G,QCG,0.2959,5.2874,1.056,-1,0,108,6.27,3.135,0.9405,1.881,1.0,1.31,0.33
FV49E,H15,0.2301,9999.0,0.9127,-1,0,84,7.37,3.685,1.1055,2.211,1.0,1.37,0.35
4AV34,PBV,0.2521,0.172,2.4653,-1,1,92,7.1067,3.5533,1.066,2.132,1.0,1.36,0.34
I1AQP,FZT,0.6712,0.9476,1.7084,-1,1,245,2.33,1.165,0.3495,0.699,1.0,1.12,0.25
D80TK,JPI,0.3753,0.8489,1.4422,-1,1,137,1.98,0.99,0.297,0.594,1.0,1.1,0.24
MAG1S,IEV,0.5123,0.3279,2.5625,-1,1,187,2.7567,1.3783,0.4135,0.827,1.0,1.14,0.26
4MO0M,OXH,0.3753,0.3163,2.1867,-1,1,137,13.785,6.8925,2.0677,4.1355,1.0,1.69,0.48
O9RUX,IEV,0.2904,0.254,2.1436,-1,1,106,6.33,3.165,0.9495,1.899,1.0,1.32,0.33
0DCAY,R6E,0.3945,1.0681,1.3694,-1,1,144,22.38,11.19,3.357,6.714,1.0,2.12,0.65
DMJ70,P42,1.5753,2.9393,1.536,-1,1,575,5.79,2.895,0.8685,1.737,1.0,1.29,0.32
OTA6Z,TVL,0.6329,0.8925,1.7091,-1,1,231,4.02,2.01,0.603,1.206,1.0,1.2,0.28
6RXA9,P42,0.2493,2.4363,1.1023,-1,0,91,5.62,2.81,0.843,1.686,1.0,1.28,0.31
69VAY,TZB,0.3808,0.1924,2.9789,-1,1,139,2.37,1.185,0.3555,0.711,1.0,1.12,0.25
DZZBG,JB0,0.2986,0.2094,2.4261,-1,1,109,11.16,5.58,1.674,3.348,1.0,1.56,0.42
BDD5Z,LPF,0.3836,0.2603,2.4736,-1,1,140,7.9333,3.9667,1.19,2.38,1.0,1.4,0.36
2517R,C8Z,0.337,1.4518,1.2321,-1,0,123,11.69,5.845,1.7535,3.507,1.0,1.58,0.43
XEP2E,BR0,0.2521,8.2495,1.0306,-1,0,92,25.025,12.5125,3.7538,7.5075,1.0,2.25,0.7
OV1P9,P42,2.2575,1.4908,2.5143,-1,1,824,6.07,3.035,0.9105,1.821,1.0,1.3,0.32
IRQZ4,LDZ,0.8795,1.7902,1.4913,-1,1,321,36.41,18.205,5.4615,10.923,1.0,2.82,0.93
B9C2I,01F,0.2712,0.1646,2.648,-1,1,99,8.565,4.2825,1.2847,2.5695,1.0,1.43,0.37
280WP,R6E,0.3671,2.1571,1.1702,-1,0,134,19.63,9.815,2.9445,5.889,1.0,1.98,0.59
NBRSF,8HU,0.2274,0.4376,1.5196,-1,1,83,9.24,4.62,1.386,2.772,1.0,1.46,0.38
2NYLG,FEW,0.3863,9.847,1.0392,-1,0,141,6.35,3.175,0.9525,1.905,1.0,1.32,0.33
6DCYD,FU5,1.274,0.784,2.625,-1,1,465,7.32,3.66,1.098,2.196,1.0,1.37,0.35
NOKHJ,FU5,0.2658,0.195,2.3631,-1,1,97,11.13,5.565,1.6695,3.339,1.0,1.56,0.42
B87MU,9ZX,0.8904,1.7162,1.5188,-1,1,325,25.18,12.59,3.777,7.554,1.0,2.26,0.7
DRZQK,H1H,0.389,0.1319,3.949,-1,1,142,0.54,0.27,0.081,0.162,1.0,1.03,0.21
MW1H8,01F,0.2493,0.1754,2.421,-1,1,91,29.195,14.5975,4.3792,8.7585,1.0,2.46,0.78
NOQTN,IEV,0.2548,0.2188,2.1646,-1,1,93,2.795,1.3975,0.4192,0.8385,1.0,1.14,0.26
AB7EN,BZU,0.2274,0.9868,1.2304,-1,0,83,3.63,1.815,0.5445,1.089,1.0,1.18,0.27
9YXRU,LPF,0.2356,2.081,1.1132,-1,0,86,22.47,11.235,3.3705,6.741,1.0,2.12,0.65
7TRXD,01F,0.6411,0.3713,2.7264,-1,1,234,4.365,2.1825,0.6548,1.3095,1.0,1.22,0.29
VWYXA,IEV,0.4164,0.2177,2.9125,-1,1,152,2.82,1.41,0.423,0.846,1.0,1.14,0.26
FUPBO,N8U,0.4548,3.0809,1.1476,-1,0,166,7.43,3.715,1.1145,2.229,1.0,1.37,0.35
AODV3,J4R,0.2411,0.3873,1.6225,-1,1,88,4.37,2.185,0.6555,1.311,1.0,1.22,0.29
SWPY7,P42,0.2411,1.9675,1.1225,-1,0,88,4.57,2.285,0.6855,1.371,1.0,1.23,0.29
PFUQ1,J4R,0.4959,0.5399,1.9185,-1,1,181,20.1,10.05,3.015,6.03,1.0,2.0,0.6
6GQQF,JKC,0.3151,9999.0,0.998,-1,0,115,6.12,3.06,0.918,1.836,1.0,1.31,0.32
XH98I,2ML,0.5479,1.2395,1.4421,-1,1,200,3.48,1.74,0.522,1.044,1.0,1.17,0.27
360JS,EKM,0.737,0.4635,2.5902,-1,1,269,2.73,1.365,0.4095,0.819,1.0,1.14,0.25
51OBI,0H2,1.1699,3.4577,1.3383,-1,1,427,6.75,3.375,1.0125,2.025,1.0,1.34,0.34
