window,scenario,algorithm,test_start,test_end,basket_ofr,basket_lfr,basket_qfr,n_orders,n_lines,total_qty,aggregated_lfr,runtime_sec,proxy_gap_lfr
0,baseline,cpsat_nominal,2016-02-27,2016-03-04,0.06353350739773717,0.1384479717813051,0.10957407395779045,1149,2268,3185.0599999999995,0.2166005479899461,0.2133820056915283,0.078152576208641
0,baseline,cpsat_robust,2016-02-27,2016-03-04,0.05657093124456049,0.12566137566137567,0.09764337249533762,1149,2268,3185.0599999999995,0.1981911898652343,0.4439029693603515,0.07252981420385862
0,baseline,dp_nominal,2016-02-27,2016-03-04,0.06614447345517842,0.14285714285714285,0.11302769806534259,1149,2268,3185.0599999999995,0.2244744250937022,17.16977572441101,0.08161728223655934
0,baseline,dp_robust,2016-02-27,2016-03-04,0.058311575282854654,0.12874779541446207,0.10015509911901191,1149,2268,3185.0599999999995,0.2054321450316422,17.15548801422119,0.07668434961718013
0,baseline,greedy_nominal,2016-02-27,2016-03-04,0.06179286335944299,0.13051146384479717,0.10109699660288976,1149,2268,3185.0599999999995,0.2038603454366885,0.0005590915679931,0.07334888159189132
0,baseline,greedy_robust,2016-02-27,2016-03-04,0.05134899912967798,0.11199294532627865,0.08508473937696623,1149,2268,3185.0599999999995,0.1752108637014686,0.0011651515960693,0.06321791837518995
0,baseline,hybrid_v2,2016-02-27,2016-03-04,0.08006962576153177,0.1697530864197531,0.15729687980760176,1149,2268,3185.0599999999995,0.411296738265712,15.28859806060791,0.2415436518459589
1,baseline,cpsat_nominal,2016-03-05,2016-03-11,0.05389221556886228,0.11708729830368225,0.08835478437028638,1169,2417,3633.08,0.2230149895600362,0.1022679805755615,0.10592769125635396
1,baseline,cpsat_robust,2016-03-05,2016-03-11,0.055603079555175364,0.11294993793959454,0.08202406773316305,1169,2417,3633.08,0.2113993375465972,0.1065700054168701,0.09844939960700266
1,baseline,dp_nominal,2016-03-05,2016-03-11,0.05645851154833191,0.12163839470417874,0.09138251841412796,1169,2417,3633.08,0.228971834643083,17.636841773986816,0.10733343993890425
1,baseline,dp_robust,2016-03-05,2016-03-11,0.05731394354148845,0.1150186181216384,0.08340031048036377,1169,2417,3633.08,0.2172003994910214,16.61222505569458,0.10218178136938301
1,baseline,greedy_nominal,2016-03-05,2016-03-11,0.05389221556886228,0.1092263136119156,0.08147357063428276,1169,2417,3633.08,0.2013801821261955,0.0003612041473388,0.0921538685142799
1,baseline,greedy_robust,2016-03-05,2016-03-11,0.046193327630453376,0.09764170459247,0.07156462285443756,1169,2417,3633.08,0.1905469813451569,0.0003907680511474,0.09290527675268691
1,baseline,hybrid_v2,2016-03-05,2016-03-11,0.07271171941830624,0.16590815059991726,0.14395499135719556,1169,2417,3633.08,0.4004507888805409,15.20903706550598,0.23454263828062366
2,baseline,cpsat_nominal,2016-03-12,2016-03-18,0.05664488017429194,0.10885544277213861,0.08266387239492375,1377,2857,4294.5,0.1878397658453244,0.1145510673522949,0.0789843230731858
2,baseline,cpsat_robust,2016-03-12,2016-03-18,0.054466230936819175,0.10535526776338817,0.07823960880195599,1377,2857,4294.5,0.1812730446747399,0.4109718799591064,0.07591777691135172
2,baseline,dp_nominal,2016-03-12,2016-03-18,0.058823529411764705,0.11690584529226461,0.08801955990220049,1377,2857,4294.5,0.2050054708817814,17.045243740081787,0.08809962558951678
2,baseline,dp_robust,2016-03-12,2016-03-18,0.058823529411764705,0.10920546027301366,0.08080102456630574,1377,2857,4294.5,0.1856769071524195,16.408841133117676,0.07647144687940584
2,baseline,greedy_nominal,2016-03-12,2016-03-18,0.05374001452432825,0.1064053202660133,0.07893817673768774,1377,2857,4294.5,0.1826766482177834,0.0003497600555419,0.0762713279517701
2,baseline,greedy_robust,2016-03-12,2016-03-18,0.05664488017429194,0.1008050402520126,0.0731167772732565,1377,2857,4294.5,0.1716133432942303,0.0004260540008544,0.0708083030422177
2,baseline,hybrid_v2,2016-03-12,2016-03-18,0.07044299201161947,0.1431571578578929,0.12481080451740599,1377,2857,4294.5,0.3202346041055718,15.497058153152466,0.1770774462476789
3,baseline,cpsat_nominal,2016-03-19,2016-03-25,0.06203135650988412,0.11666666666666667,0.09404835160110601,1467,2760,3721.49,0.18233201565179,0.209238052368164,0.06566534898512333
3,baseline,cpsat_robust,2016-03-19,2016-03-25,0.05998636673483299,0.10833333333333334,0.08625577389701437,1467,2760,3721.49,0.1716693809875371,0.1840119361877441,0.06333604765420375
3,baseline,dp_nominal,2016-03-19,2016-03-25,0.06339468302658487,0.12101449275362319,0.09781028566515025,1467,2760,3721.49,0.1883473285225529,16.93414878845215,0.0673328357689297
3,baseline,dp_robust,2016-03-19,2016-03-25,0.06407634628493525,0.11413043478260869,0.09055512711306493,1467,2760,3721.49,0.179603741682734,16.57914710044861,0.0654733069001253
3,baseline,greedy_nominal,2016-03-19,2016-03-25,0.06612133605998637,0.11485507246376811,0.0913612558410744,1467,2760,3721.49,0.1766507948571964,0.0004119873046875,0.06179572239342829
3,baseline,greedy_robust,2016-03-19,2016-03-25,0.06475800954328562,0.10869565217391304,0.08491222601699858,1467,2760,3721.49,0.1624067041559533,0.0004420280456542,0.05371105198204025
3,baseline,hybrid_v2,2016-03-19,2016-03-25,0.06680299931833675,0.14746376811594203,0.13838543164162742,1467,2760,3721.49,0.346002621231979,15.345396041870115,0.19853885311603697
4,baseline,cpsat_nominal,2016-03-26,2016-04-02,0.08044982698961937,0.12773892773892773,0.09941335939116952,1156,2145,2947.29,0.2034543962969173,0.1316280364990234,0.07571546855798958
4,baseline,cpsat_robust,2016-03-26,2016-04-02,0.07439446366782007,0.12027972027972028,0.09364534877802999,1156,2145,2947.29,0.1944849173281211,0.1936073303222656,0.07420519704840081
4,baseline,dp_nominal,2016-03-26,2016-04-02,0.08737024221453288,0.13706293706293707,0.10653854897210659,1156,2145,2947.29,0.2174912501324648,17.162017822265625,0.08042831306952772
4,baseline,dp_robust,2016-03-26,2016-04-02,0.07698961937716263,0.1258741258741259,0.0977168856814226,1156,2145,2947.29,0.2014294553090456,16.893359184265137,0.07555532943491972
4,baseline,greedy_nominal,2016-03-26,2016-04-02,0.0847750865051903,0.12913752913752913,0.10077053835896706,1156,2145,2947.29,0.2051652604017528,0.000364065170288,0.07602773126422369
4,baseline,greedy_robust,2016-03-26,2016-04-02,0.07179930795847751,0.11142191142191142,0.08618086445514354,1156,2145,2947.29,0.1874607518429928,0.0004291534423828,0.07603884042108137
4,baseline,hybrid_v2,2016-03-26,2016-04-02,0.09169550173010381,0.17342657342657342,0.1574327602645142,1156,2145,2947.29,0.4133211678832116,15.444817066192629,0.2398945944566382
5,baseline,cpsat_nominal,2016-04-03,2016-04-09,0.06134969325153374,0.10766961651917405,0.08188772228434583,1304,2712,4042.1200000000003,0.2067413291981297,0.3052842617034912,0.09907171267895566
5,baseline,cpsat_robust,2016-04-03,2016-04-09,0.059049079754601226,0.10250737463126844,0.07644503379414762,1304,2712,4042.1200000000003,0.1957012579087999,0.0938251018524169,0.09319388327753148
5,baseline,dp_nominal,2016-04-03,2016-04-09,0.06671779141104295,0.11430678466076696,0.0870830158431714,1304,2712,4042.1200000000003,0.2181018387125157,17.234176874160767,0.10379505405174874
5,baseline,dp_robust,2016-04-03,2016-04-09,0.0598159509202454,0.10656342182890856,0.07966116790199201,1304,2712,4042.1200000000003,0.2050737580365921,16.886897802352905,0.09851033620768355
5,baseline,greedy_nominal,2016-04-03,2016-04-09,0.06365030674846625,0.10582595870206489,0.07941377297061937,1304,2712,4042.1200000000003,0.2092591147640502,0.0004169940948486,0.10343315606198532
5,baseline,greedy_robust,2016-04-03,2016-04-09,0.05674846625766871,0.09734513274336283,0.07075495037257676,1304,2712,4042.1200000000003,0.1910878533273597,0.0003659725189208,0.09374272058399687
5,baseline,hybrid_v2,2016-04-03,2016-04-09,0.06671779141104295,0.14454277286135694,0.1246870454118136,1304,2712,4042.1200000000003,0.3110164333536214,15.419448852539062,0.16647366049226445
6,baseline,cpsat_nominal,2016-04-10,2016-04-16,0.050505050505050504,0.09949348769898697,0.07765785882644834,1386,2764,4030.5,0.1746319350443778,0.160032033920288,0.07513844734539082
6,baseline,cpsat_robust,2016-04-10,2016-04-16,0.048340548340548344,0.09334298118668596,0.07145515444733903,1386,2764,4030.5,0.1657144031907047,0.1495509147644043,0.07237142200401875
6,baseline,dp_nominal,2016-04-10,2016-04-16,0.05483405483405483,0.10745296671490594,0.08311623868006451,1386,2764,4030.5,0.1810210086054651,16.89786195755005,0.07356804189055917
6,baseline,dp_robust,2016-04-10,2016-04-16,0.049062049062049064,0.09623733719247468,0.07344001984865402,1386,2764,4030.5,0.1712281651824888,17.005292892456055,0.07499082799001411
6,baseline,greedy_nominal,2016-04-10,2016-04-16,0.051226551226551224,0.0955137481910275,0.07269569532316089,1386,2764,4030.5,0.1704139211553793,0.0004200935363769,0.0749001729643518
6,baseline,greedy_robust,2016-04-10,2016-04-16,0.045454545454545456,0.08429811866859624,0.06450812554273663,1386,2764,4030.5,0.1560435401007181,0.0003690719604492,0.07174542143212187
6,baseline,hybrid_v2,2016-04-10,2016-04-16,0.07647907647907648,0.14616497829232997,0.13025679196129514,1386,2764,4030.5,0.3714285714285714,15.441213846206663,0.22526359313624142
7,baseline,cpsat_nominal,2016-04-17,2016-04-23,0.06651376146788991,0.10328997704667177,0.07603820405982357,1308,2614,3892.7799999999997,0.2042348094601262,0.2527430057525635,0.10094483241345444
7,baseline,cpsat_robust,2016-04-17,2016-04-23,0.06192660550458716,0.09869931140015302,0.07141425921834782,1308,2614,3892.7799999999997,0.1977606559114952,0.2115850448608398,0.09906134451134217
7,baseline,dp_nominal,2016-04-17,2016-04-23,0.06804281345565749,0.10788064269319052,0.07989149142772003,1308,2614,3892.7799999999997,0.2122241946430967,17.176099061965942,0.10434355194990617
7,baseline,dp_robust,2016-04-17,2016-04-23,0.06116207951070336,0.09984697781178271,0.07321245999003284,1308,2614,3892.7799999999997,0.2033815021563922,16.93122100830078,0.10353452434460948
7,baseline,greedy_nominal,2016-04-17,2016-04-23,0.05657492354740061,0.09066564651874522,0.06730408602592493,1308,2614,3892.7799999999997,0.1908221749273993,0.0003650188446044,0.10015652840865409
7,baseline,greedy_robust,2016-04-17,2016-04-23,0.054281345565749234,0.08798775822494262,0.06319391283350202,1308,2614,3892.7799999999997,0.178696846119356,0.0004580020904541,0.09070908789441337
7,baseline,hybrid_v2,2016-04-17,2016-04-23,0.08103975535168195,0.1545524100994644,0.1333237429292177,1308,2614,3892.7799999999997,0.3606896551724138,13.493459224700928,0.2061372450729494
8,baseline,cpsat_nominal,2016-04-24,2016-04-30,0.06161841128433556,0.1116852146263911,0.08812009368730708,1347,2516,3642.756,0.165903199303831,0.1774320602416992,0.05421798467743989
8,baseline,cpsat_robust,2016-04-24,2016-04-30,0.062360801781737196,0.10930047694753577,0.08455136715168406,1347,2516,3642.756,0.1574002783603711,0.1124670505523681,0.04809980141283533
8,baseline,dp_nominal,2016-04-24,2016-04-30,0.0645879732739421,0.11764705882352941,0.09223785507456443,1347,2516,3642.756,0.1718162619343684,17.145478010177612,0.054169203110839004
8,baseline,dp_robust,2016-04-24,2016-04-30,0.06310319227913883,0.11248012718600954,0.0867475065582213,1347,2516,3642.756,0.161357110561755,17.11261510848999,0.04887698337574546
8,baseline,greedy_nominal,2016-04-24,2016-04-30,0.05864884929472903,0.10373608903020667,0.08235522774514681,1347,2516,3642.756,0.1534356947706586,0.0004138946533203,0.04969960574045193
8,baseline,greedy_robust,2016-04-24,2016-04-30,0.05716406829992576,0.10055643879173291,0.07796294893207231,1347,2516,3642.756,0.1432685207754295,0.0004611015319824,0.042712081983696595
8,baseline,hybrid_v2,2016-04-24,2016-04-30,0.0757238307349666,0.14984101748807632,0.13698419548276086,1347,2516,3642.756,0.3702898550724637,13.18598198890686,0.22044883758438738
9,baseline,cpsat_nominal,2016-05-01,2016-05-07,0.07105459985041136,0.11943164362519201,0.08313210086694904,1337,2604,4041.76,0.2133282760490739,0.1058311462402343,0.09389663242388188
9,baseline,cpsat_robust,2016-05-01,2016-05-07,0.0643231114435303,0.1098310291858679,0.07595700882783737,1337,2604,4041.76,0.198795407146901,0.6326026916503906,0.0889643779610331
9,baseline,dp_nominal,2016-05-01,2016-05-07,0.07180254300673149,0.12365591397849462,0.08610110446934008,1337,2604,4041.76,0.2225605324485499,17.326723098754883,0.09890461847005527
9,baseline,dp_robust,2016-05-01,2016-05-07,0.06282722513089005,0.11098310291858679,0.07793634456276473,1337,2604,4041.76,0.2027659899538056,16.79671287536621,0.09178288703521881
9,baseline,greedy_nominal,2016-05-01,2016-05-07,0.06806282722513089,0.11213517665130568,0.07818376152963065,1337,2604,4041.76,0.2041335768020279,0.0003731250762939,0.09199840015072222
9,baseline,greedy_robust,2016-05-01,2016-05-07,0.059087509349289455,0.10023041474654378,0.0700190016230553,1337,2604,4041.76,0.1871122097291753,0.0004642009735107,0.08688179498263153
9,baseline,hybrid_v2,2016-05-01,2016-05-07,0.07928197456993269,0.15360983102918588,0.1313784094058034,1337,2604,4041.76,0.3623481781376518,13.026315212249756,0.20873834710846592
10,baseline,cpsat_nominal,2016-05-08,2016-05-14,0.05788712011577424,0.1122338505954529,0.08094222463038567,1382,2771,4200.527,0.1932759966442415,0.1832730770111084,0.0810421460487886
10,baseline,cpsat_robust,2016-05-08,2016-05-14,0.052821997105643996,0.10285095633345363,0.07380026363358692,1382,2771,4200.527,0.1755514867733165,0.1119983196258544,0.07270053043986287
10,baseline,dp_nominal,2016-05-08,2016-05-14,0.06512301013024602,0.11800793937206784,0.08522740122846491,1382,2771,4200.527,0.1983806634769965,17.032328128814697,0.08037272410492867
10,baseline,dp_robust,2016-05-08,2016-05-14,0.053545586107091175,0.1068206423673764,0.07737124413198629,1382,2771,4200.527,0.183536184133236,16.757300853729248,0.0767155417658596
10,baseline,greedy_nominal,2016-05-08,2016-05-14,0.055716353111432707,0.10249007578491519,0.0745144597332668,1382,2771,4200.527,0.1803923073065157,0.0004441738128662,0.07790223152160052
10,baseline,greedy_robust,2016-05-08,2016-05-14,0.05137481910274964,0.09274630097437749,0.0666583026367882,1382,2771,4200.527,0.1660566636121263,0.0004737377166748,0.0733103626377488
10,baseline,hybrid_v2,2016-05-08,2016-05-14,0.07597684515195369,0.147239263803681,0.1292694940420571,1382,2771,4200.527,0.358974358974359,13.07176399230957,0.21173509517067798
11,baseline,cpsat_nominal,2016-05-15,2016-05-21,0.056856187290969896,0.10657370517928287,0.0793768858948939,1495,3012,4503.83,0.1863816938365419,0.7974221706390381,0.07980798865725904
11,baseline,cpsat_robust,2016-05-15,2016-05-21,0.05351170568561873,0.09694555112881806,0.07116165574633146,1495,3012,4503.83,0.1744501504567555,0.1719250679016113,0.07750459932793743
11,baseline,dp_nominal,2016-05-15,2016-05-21,0.05819397993311037,0.11155378486055777,0.08292941785102902,1495,3012,4503.83,0.1943621949164127,17.35795307159424,0.08280841005585494
11,baseline,dp_robust,2016-05-15,2016-05-21,0.05618729096989967,0.10159362549800798,0.07449215445520813,1495,3012,4503.83,0.1837427293173626,17.023617029190063,0.08214910381935463
11,baseline,greedy_nominal,2016-05-15,2016-05-21,0.049498327759197325,0.09561752988047809,0.07116165574633146,1495,3012,4503.83,0.1797535911529176,0.0003750324249267,0.08413606127243953
11,baseline,greedy_robust,2016-05-15,2016-05-21,0.04749163879598662,0.09096945551128818,0.06716505729567945,1495,3012,4503.83,0.1719268080609482,0.0004427433013916,0.08095735254966002
11,baseline,hybrid_v2,2016-05-15,2016-05-21,0.0782608695652174,0.1391102257636122,0.12100811975585224,1495,3012,4503.83,0.3313609467455621,12.907371044158936,0.1922507209819499
12,baseline,cpsat_nominal,2016-05-22,2016-05-28,0.061079545454545456,0.10477215644061715,0.07725797588799709,1408,2787,4258.459999999999,0.1789701766234567,0.1336171627044677,0.07419802018283957
12,baseline,cpsat_robust,2016-05-22,2016-05-28,0.056818181818181816,0.09436670254754216,0.06856938893402781,1408,2787,4258.459999999999,0.1654053824898798,0.2937891483306885,0.07103867994233763
12,baseline,dp_nominal,2016-05-22,2016-05-28,0.06889204545454546,0.11158952278435594,0.08195450937662913,1408,2787,4258.459999999999,0.1907916175845427,17.365315198898315,0.07920209480018675
12,baseline,dp_robust,2016-05-22,2016-05-28,0.05894886363636364,0.1004664513814137,0.07279626907379665,1408,2787,4258.459999999999,0.1740670819769211,16.702680826187134,0.07360063059550741
12,baseline,greedy_nominal,2016-05-22,2016-05-28,0.06178977272727273,0.09974883387154647,0.07326592242265985,1408,2787,4258.459999999999,0.1697471169823438,0.000378131866455,0.06999828311079732
12,baseline,greedy_robust,2016-05-22,2016-05-28,0.05113636363636364,0.08683171869393613,0.06316837542210096,1408,2787,4258.459999999999,0.152820744982277,0.000403881072998,0.06598902628834086
12,baseline,hybrid_v2,2016-05-22,2016-05-28,0.06676136363636363,0.1359885181198421,0.11717851054136944,1408,2787,4258.459999999999,0.3352941176470588,12.926845073699951,0.1993055995272167
13,baseline,cpsat_nominal,2016-05-29,2016-06-04,0.06993569131832797,0.11101871101871102,0.09160206625523569,1244,2405,3340.536,0.1843618276450177,0.3357949256896972,0.07334311662630669
13,baseline,cpsat_robust,2016-05-29,2016-06-04,0.06028938906752412,0.10311850311850312,0.08351953099742077,1244,2405,3340.536,0.172232850907944,0.1152501106262207,0.06911434778944087
13,baseline,dp_nominal,2016-05-29,2016-06-04,0.07154340836012862,0.11517671517671518,0.09429624467450733,1244,2405,3340.536,0.1933114425746348,16.881057024002075,0.07813472739791963
13,baseline,dp_robust,2016-05-29,2016-06-04,0.06109324758842444,0.10478170478170479,0.08471694362820817,1244,2405,3340.536,0.1779988568433947,16.76194477081299,0.07321715206168991
13,baseline,greedy_nominal,2016-05-29,2016-06-04,0.058681672025723476,0.10145530145530146,0.08441759047051131,1244,2405,3340.536,0.1729572442633876,0.0004000663757324,0.07150194280808614
13,baseline,greedy_robust,2016-05-29,2016-06-04,0.053858520900321546,0.09438669438669439,0.07723311468578695,1244,2405,3340.536,0.1581255887186563,0.0004880428314208,0.06373889433196192
13,baseline,hybrid_v2,2016-05-29,2016-06-04,0.06752411575562701,0.14553014553014554,0.14428822200988103,1244,2405,3340.536,0.4039840637450199,12.956494092941284,0.25845391821487435
14,baseline,cpsat_nominal,2016-06-05,2016-06-11,0.042789223454833596,0.10083713850837138,0.07356975717059079,1262,2628,4064.17,0.2160120352935451,0.1855607032775879,0.11517489678517372
14,baseline,cpsat_robust,2016-06-05,2016-06-11,0.03803486529318542,0.08942161339421613,0.06471185998617184,1262,2628,4064.17,0.1980236312796335,0.4008197784423828,0.10860201788541736
14,baseline,dp_nominal,2016-06-05,2016-06-11,0.04595879556259905,0.10616438356164383,0.07750660036366588,1262,2628,4064.17,0.223204204301808,16.974220991134644,0.11703982074016418
14,baseline,dp_robust,2016-06-05,2016-06-11,0.041996830427892234,0.09246575342465753,0.06668028158270939,1262,2628,4064.17,0.2040122804678352,16.752424955368042,0.11154652704317768
14,baseline,greedy_nominal,2016-06-05,2016-06-11,0.03803486529318542,0.0882800608828006,0.06545001808487341,1262,2628,4064.17,0.2011266236852854,0.0004589557647705,0.11284656280248478
14,baseline,greedy_robust,2016-06-05,2016-06-11,0.03169572107765452,0.07724505327245053,0.056346068200887264,1262,2628,4064.17,0.1783579117140153,0.0004370212554931,0.10111285844156477
14,baseline,hybrid_v2,2016-06-05,2016-06-11,0.06656101426307448,0.14079147640791476,0.12031977008835752,1262,2628,4064.17,0.3396868618107556,12.892810106277466,0.19889538540284082
15,baseline,cpsat_nominal,2016-06-12,2016-06-18,0.05421686746987952,0.10192386410151454,0.07540410612107123,1162,2443,3673.54,0.1730059341507504,0.275505781173706,0.07108207004923588
15,baseline,cpsat_robust,2016-06-12,2016-06-18,0.047332185886402756,0.09209987720016373,0.06805424740168883,1162,2443,3673.54,0.158872287277601,0.3641781806945801,0.06677241007743727
15,baseline,dp_nominal,2016-06-12,2016-06-18,0.05938037865748709,0.10806385591485879,0.07921514397556581,1162,2443,3673.54,0.1830347321132372,16.871585845947266,0.07497087619837842
15,baseline,dp_robust,2016-06-12,2016-06-18,0.05163511187607573,0.09701187065083913,0.0713208512769699,1162,2443,3673.54,0.1657189688280557,16.669798851013184,0.06870709817721657
15,baseline,greedy_nominal,2016-06-12,2016-06-18,0.04905335628227195,0.09660253786328285,0.07213750224579016,1162,2443,3673.54,0.1639900131051537,0.0004527568817138,0.06738747524187086
15,baseline,greedy_robust,2016-06-12,2016-06-18,0.039586919104991396,0.08391322144903807,0.06288212459916048,1162,2443,3673.54,0.1448809492857518,0.0003788471221923,0.060967727836713725
15,baseline,hybrid_v2,2016-06-12,2016-06-18,0.06454388984509467,0.15963978714695046,0.13828623072023172,1162,2443,3673.54,0.3871449925261584,13.065759897232056,0.22750520537920796
16,baseline,cpsat_nominal,2016-06-19,2016-06-25,0.04746317512274959,0.10204081632653061,0.07424816752173016,1222,2401,3582.5799999999995,0.1894424535573365,0.198660135269165,0.08740163723080588
16,baseline,cpsat_robust,2016-06-19,2016-06-25,0.04091653027823241,0.09287796751353602,0.06754908473781465,1222,2401,3582.5799999999995,0.1769058136786108,0.4574499130249023,0.08402784616507478
16,baseline,dp_nominal,2016-06-19,2016-06-25,0.049099836333878884,0.10537276134943774,0.07703945201502829,1222,2401,3582.5799999999995,0.1955135575326441,17.084537267684937,0.09014079618320636
16,baseline,dp_robust,2016-06-19,2016-06-25,0.045008183306055646,0.09995835068721366,0.07229426837642147,1222,2401,3582.5799999999995,0.1872492670164932,16.71124505996704,0.08729091632927953
16,baseline,greedy_nominal,2016-06-19,2016-06-25,0.04582651391162029,0.09787588504789671,0.07145688302843203,1222,2401,3582.5799999999995,0.1806422571090027,0.0003838539123535,0.08276637206110599
16,baseline,greedy_robust,2016-06-19,2016-06-25,0.03764320785597381,0.08663057059558517,0.06252477264987803,1222,2401,3582.5799999999995,0.165365768624577,0.0004899501800537,0.07873519802899183
16,baseline,hybrid_v2,2016-06-19,2016-06-25,0.08592471358428805,0.1657642648896293,0.1437511514048535,1222,2401,3582.5799999999995,0.3803950256035113,12.834301948547363,0.21463076071388199
17,baseline,cpsat_nominal,2016-06-26,2016-07-02,0.06571936056838366,0.11769722814498934,0.08623896182617201,1126,2345,3629.45,0.176851838712486,0.2272770404815673,0.05915461056749666
17,baseline,cpsat_robust,2016-06-26,2016-07-02,0.056838365896980464,0.10660980810234541,0.07714667511606442,1126,2345,3629.45,0.1687846190784493,0.1377737522125244,0.06217481097610389
17,baseline,dp_nominal,2016-06-26,2016-07-02,0.07282415630550622,0.1257995735607676,0.09174943862017662,1126,2345,3629.45,0.1837952886844766,16.792383909225464,0.05799571512370899
17,baseline,dp_robust,2016-06-26,2016-07-02,0.06394316163410302,0.11343283582089553,0.0815550565512681,1126,2345,3629.45,0.1725160587924205,16.34196972846985,0.05908322297152496
17,baseline,greedy_nominal,2016-06-26,2016-07-02,0.056838365896980464,0.1091684434968017,0.08072848503216741,1126,2345,3629.45,0.1699063741391345,0.0004310607910156,0.06073793064233281
17,baseline,greedy_robust,2016-06-26,2016-07-02,0.05150976909413854,0.09722814498933902,0.07108515064265936,1126,2345,3629.45,0.1557105882914865,0.0005168914794921,0.0584824433021475
17,baseline,hybrid_v2,2016-06-26,2016-07-02,0.0763765541740675,0.1513859275053305,0.1283941093003072,1126,2345,3629.45,0.3897058823529412,12.976141929626465,0.23831995484761068
18,baseline,cpsat_nominal,2016-07-03,2016-07-09,0.05928509154315606,0.11659005432511492,0.08765167737330479,1147,2393,3502.5,0.2030522333608057,0.1069269180297851,0.08646217903569077
18,baseline,cpsat_robust,2016-07-03,2016-07-09,0.04882301656495205,0.10196406184705391,0.07566024268379729,1147,2393,3502.5,0.182796582643304,0.1930780410766601,0.0808325207962501
18,baseline,dp_nominal,2016-07-03,2016-07-09,0.06713164777680906,0.11909736732135395,0.08965024982155603,1147,2393,3502.5,0.2149853522863602,16.788148403167725,0.09588798496500625
18,baseline,dp_robust,2016-07-03,2016-07-09,0.05405405405405406,0.1065608023401588,0.07880085653104925,1147,2393,3502.5,0.1927345287609582,16.40749192237854,0.0861737264207994
18,baseline,greedy_nominal,2016-07-03,2016-07-09,0.046207497820401046,0.10154617634768073,0.07737330478229835,1147,2393,3502.5,0.1936352726774722,0.0004191398620605,0.09208909632979145
18,baseline,greedy_robust,2016-07-03,2016-07-09,0.047079337401918046,0.08942749686585875,0.06680942184154176,1147,2393,3502.5,0.1752377797731998,0.0003910064697265,0.08581028290734104
18,baseline,hybrid_v2,2016-07-03,2016-07-09,0.07672188317349608,0.14834935227747598,0.13447537473233404,1147,2393,3502.5,0.3665399239543726,12.945900917053224,0.21819057167689665
19,baseline,cpsat_nominal,2016-07-10,2016-07-16,0.052409129332206254,0.11627014581734459,0.08745579679835734,1183,2606,3944.8500000000004,0.2059468484637166,0.1073241233825683,0.08967670264637202
19,baseline,cpsat_robust,2016-07-10,2016-07-16,0.052409129332206254,0.10859554873369148,0.08086492515558259,1183,2606,3944.8500000000004,0.1910338106067161,0.2069261074066162,0.08243826187302461
19,baseline,dp_nominal,2016-07-10,2016-07-16,0.057480980557903634,0.12164236377590176,0.091258222746112,1183,2606,3944.8500000000004,0.2161117456491917,16.951366901397705,0.09446938187328993
19,baseline,dp_robust,2016-07-10,2016-07-16,0.0566356720202874,0.11396776669224866,0.08441385604015361,1183,2606,3944.8500000000004,0.2000881044826462,16.562191247940063,0.08612033779039753
19,baseline,greedy_nominal,2016-07-10,2016-07-16,0.0507185122569738,0.10782808902532617,0.08111842021876624,1183,2606,3944.8500000000004,0.1898161288674007,0.0003559589385986,0.08198803984207453
19,baseline,greedy_robust,2016-07-10,2016-07-16,0.04649196956889264,0.09401381427475057,0.07047162756505317,1183,2606,3944.8500000000004,0.1619836385617441,0.0003750324249267,0.06796982428699354
19,baseline,hybrid_v2,2016-07-10,2016-07-16,0.06931530008453085,0.15387567152724482,0.13131044272912784,1183,2606,3944.8500000000004,0.3029599535693558,12.945075750350952,0.14908428204211097
20,baseline,cpsat_nominal,2016-07-17,2016-07-23,0.07855822550831792,0.13796212804328223,0.10854723982097482,1082,2218,3215.1899999999996,0.1719603784007447,0.2014009952545166,0.033998250357462484
20,baseline,cpsat_robust,2016-07-17,2016-07-23,0.06746765249537892,0.11857529305680793,0.09050787045244606,1082,2218,3215.1899999999996,0.1602616006715403,0.2541351318359375,0.04168630761473237
20,baseline,dp_nominal,2016-07-17,2016-07-23,0.08040665434380777,0.1424706943192065,0.11196849952879924,1082,2218,3215.1899999999996,0.177949594385619,16.89587903022766,0.035478900066412494
20,baseline,dp_robust,2016-07-17,2016-07-23,0.07393715341959335,0.12533814247069433,0.09548424820928157,1082,2218,3215.1899999999996,0.1686011600720011,16.460325002670288,0.04326301760130677
20,baseline,greedy_nominal,2016-07-17,2016-07-23,0.06469500924214418,0.1248872858431019,0.09828346069750156,1082,2218,3215.1899999999996,0.1670254578230122,0.0003747940063476,0.04213817197991031
20,baseline,greedy_robust,2016-07-17,2016-07-23,0.06284658040665435,0.11587015329125339,0.08895275240343496,1082,2218,3215.1899999999996,0.1550847760442494,0.0003728866577148,0.039214622752996
20,baseline,hybrid_v2,2016-07-17,2016-07-23,0.07855822550831792,0.17132551848512173,0.15582282851091228,1082,2218,3215.1899999999996,0.3912054586808188,12.92241382598877,0.21987994019569707
21,baseline,cpsat_nominal,2016-07-24,2016-07-30,0.07,0.1358904109589041,0.10400476334083404,900,1825,2586.42,0.2323871508512626,0.1483938694000244,0.09649673989235849
21,baseline,cpsat_robust,2016-07-24,2016-07-30,0.07,0.12876712328767123,0.0974319716055397,900,1825,2586.42,0.209347715937178,1.0649263858795166,0.08058059264950676
21,baseline,dp_nominal,2016-07-24,2016-07-30,0.07333333333333333,0.13972602739726028,0.10709784180450198,900,1825,2586.42,0.2396722678988601,16.720869779586792,0.09994624050159981
21,baseline,dp_robust,2016-07-24,2016-07-30,0.07222222222222222,0.13205479452054794,0.09975178045329064,900,1825,2586.42,0.2181193049142712,16.340548992156982,0.08606451039372326
21,baseline,greedy_nominal,2016-07-24,2016-07-30,0.057777777777777775,0.12,0.09163244948616234,900,1825,2586.42,0.2120592742437342,0.0003929138183593,0.0920592742437342
21,baseline,greedy_robust,2016-07-24,2016-07-30,0.058888888888888886,0.11232876712328767,0.0846730229429095,900,1825,2586.42,0.1975467544984948,0.0003681182861328,0.08521798737520712
21,baseline,hybrid_v2,2016-07-24,2016-07-30,0.08888888888888889,0.1917808219178082,0.1778520116609058,900,1825,2586.42,0.4490960989533777,13.060455322265623,0.2573152770355695
22,baseline,cpsat_nominal,2016-07-31,2016-08-06,0.0683491062039958,0.12297893189612935,0.09775770395424803,951,2041,2935.83,0.2170305855375767,0.2942290306091308,0.09405165364144735
22,baseline,cpsat_robust,2016-07-31,2016-08-06,0.06309148264984227,0.10485056344928956,0.08140798343228321,951,2041,2935.83,0.1983333450426526,0.2196700572967529,0.09348278159336304
22,baseline,dp_nominal,2016-07-31,2016-08-06,0.07150368033648791,0.12738853503184713,0.10116389572965738,951,2041,2935.83,0.2179822080738124,16.7848801612854,0.09059367304196528
22,baseline,dp_robust,2016-07-31,2016-08-06,0.06519453207150368,0.10730034296913278,0.08311107931998787,951,2041,2935.83,0.205455634494838,16.662853002548218,0.09815529152570522
22,baseline,greedy_nominal,2016-07-31,2016-08-06,0.05993690851735016,0.10926016658500735,0.08651727109539721,951,2041,2935.83,0.1986389974811092,0.0003530979156494,0.08937883089610184
22,baseline,greedy_robust,2016-07-31,2016-08-06,0.05573080967402734,0.09113179813816756,0.07118940810605519,951,2041,2935.83,0.178365362831016,0.0003840923309326,0.08723356469284844
22,baseline,hybrid_v2,2016-07-31,2016-08-06,0.10094637223974763,0.17883390494855464,0.1614534901544027,951,2041,2935.83,0.415807560137457,13.429184913635254,0.23697365518890237
23,baseline,cpsat_nominal,2016-08-07,2016-08-13,0.07025986525505294,0.13186813186813187,0.10480659935256152,1039,2093,3008.7799999999997,0.2070336034132478,0.2909791469573974,0.07516547154511594
23,baseline,cpsat_robust,2016-08-07,2016-08-13,0.05389797882579403,0.11466794075489728,0.08985037124681766,1039,2093,3008.7799999999997,0.1804772202814328,0.1094059944152832,0.06580927952653551
23,baseline,dp_nominal,2016-08-07,2016-08-13,0.0741097208854668,0.13664596273291926,0.10813020559828238,1039,2093,3008.7799999999997,0.2126290531043859,17.053151845932007,0.07598309037146664
23,baseline,dp_robust,2016-08-07,2016-08-13,0.05774783445620789,0.12087912087912088,0.09450341999082687,1039,2093,3008.7799999999997,0.1873305672989436,16.958963871002197,0.06645144641982272
23,baseline,greedy_nominal,2016-08-07,2016-08-13,0.05871029836381136,0.11753463927376971,0.09284161686796644,1039,2093,3008.7799999999997,0.1865165312933707,0.0004069805145263,0.06898189201960099
23,baseline,greedy_robust,2016-08-07,2016-08-13,0.04716073147256978,0.10176779741997133,0.07976654989730057,1039,2093,3008.7799999999997,0.1624070039137514,0.000453233718872,0.06063920649378007
23,baseline,hybrid_v2,2016-08-07,2016-08-13,0.09143407122232916,0.17104634495938845,0.15753893604716862,1039,2093,3008.7799999999997,0.4352941176470588,13.67668628692627,0.2642477726876703
24,baseline,cpsat_nominal,2016-08-14,2016-08-20,0.07072515666965085,0.13257243195785778,0.10599433067787498,1117,2278,3273.76,0.2230786134459621,0.2041420936584472,0.09050618148810433
24,baseline,cpsat_robust,2016-08-14,2016-08-20,0.06356311548791406,0.11940298507462686,0.09499780069400322,1117,2278,3273.76,0.198982468033659,0.1345338821411132,0.07957948295903212
24,baseline,dp_nominal,2016-08-14,2016-08-20,0.07341092211280215,0.13740122914837577,0.11149259566981085,1117,2278,3273.76,0.2321579450874908,17.32363796234131,0.09475671593911503
24,baseline,dp_robust,2016-08-14,2016-08-20,0.06893464637421665,0.12686567164179105,0.09988514735350178,1117,2278,3273.76,0.2121156898763996,16.923269033432007,0.08525001823460854
24,baseline,greedy_nominal,2016-08-14,2016-08-20,0.06624888093106536,0.12335381913959614,0.09774693318997116,1117,2278,3273.76,0.2064094796353184,0.0003719329833984,0.08305566049572224
24,baseline,greedy_robust,2016-08-14,2016-08-20,0.05640107430617726,0.10711150131694469,0.08400127071013147,1117,2278,3273.76,0.1841652607675023,0.0004138946533203,0.07705375945055762
24,baseline,hybrid_v2,2016-08-14,2016-08-20,0.06624888093106536,0.15539947322212466,0.14936953228092467,1117,2278,3273.76,0.3652048885693745,12.937838792800903,0.20980541534724984
25,baseline,cpsat_nominal,2016-08-21,2016-08-27,0.053144375553587246,0.13400335008375208,0.10340999385739003,1129,2388,3548.9799999999996,0.2093347443079751,0.2017638683319091,0.07533139422422303
25,baseline,cpsat_robust,2016-08-21,2016-08-27,0.049601417183348095,0.12185929648241206,0.09242092094066465,1129,2388,3548.9799999999996,0.19101934832153,0.088904857635498,0.06916005183911794
25,baseline,dp_nominal,2016-08-21,2016-08-27,0.05934455270150576,0.13777219430485763,0.10622770486167858,1129,2388,3548.9799999999996,0.2192443446573955,17.16171407699585,0.08147215035253788
25,baseline,dp_robust,2016-08-21,2016-08-27,0.05580159433126661,0.1273031825795645,0.09608394524623978,1129,2388,3548.9799999999996,0.1989883838076105,16.83251690864563,0.071685201228046
25,baseline,greedy_nominal,2016-08-21,2016-08-27,0.050487156775907885,0.12479061976549413,0.0946750897440955,1129,2388,3548.9799999999996,0.1941480764377493,0.000338077545166,0.06935745667225518
25,baseline,greedy_robust,2016-08-21,2016-08-27,0.046058458813108945,0.10720268006700168,0.07917767922050843,1129,2388,3548.9799999999996,0.168727053252173,0.0004568099975585,0.061524373185171316
25,baseline,hybrid_v2,2016-08-21,2016-08-27,0.06820194862710363,0.15787269681742044,0.14032200801357012,1129,2388,3548.9799999999996,0.3339973439575033,13.080373048782349,0.17612464714008286
26,baseline,cpsat_nominal,2016-08-28,2016-09-03,0.08102108768035517,0.15221137277426766,0.11542221367242861,901,1741,2547.17,0.2044958677262694,0.2419760227203369,0.05228449495200174
26,baseline,cpsat_robust,2016-08-28,2016-09-03,0.08657047724750278,0.14302125215393452,0.10678517727517205,901,1741,2547.17,0.1846521031247313,0.0963819026947021,0.04163085097079677
26,baseline,dp_nominal,2016-08-28,2016-09-03,0.08324084350721421,0.16082711085582999,0.12288147237915019,901,1741,2547.17,0.2166359659915977,17.202704906463623,0.05580885513576772
26,baseline,dp_robust,2016-08-28,2016-09-03,0.0932297447280799,0.15163699023549684,0.1134592508548703,901,1741,2547.17,0.1987939457169612,16.957170009613037,0.04715695548146437
26,baseline,greedy_nominal,2016-08-28,2016-09-03,0.0732519422863485,0.13268236645605974,0.10128888138600878,901,1741,2547.17,0.1898003809697096,0.000370979309082,0.05711801451364987
26,baseline,greedy_robust,2016-08-28,2016-09-03,0.08102108768035517,0.12406662837449742,0.09265184498875222,901,1741,2547.17,0.1708453848995325,0.000385046005249,0.046778756525035076
26,baseline,hybrid_v2,2016-08-28,2016-09-03,0.097669256381798,0.19701321079839174,0.1794148015248295,901,1741,2547.17,0.4255506607929515,13.296658039093018,0.22853744999455977
27,baseline,cpsat_nominal,2016-09-04,2016-09-10,0.05866900175131348,0.11259079903147699,0.0807887786137346,1142,2478,3998.08,0.2150911416232076,0.4245777130126953,0.10250034259173062
27,baseline,cpsat_robust,2016-09-04,2016-09-10,0.05691768826619965,0.10855528652138821,0.07328517688490475,1142,2478,3998.08,0.2051997116704342,0.2697422504425049,0.09664442514904598
27,baseline,dp_nominal,2016-09-04,2016-09-10,0.063922942206655,0.12146892655367232,0.08604129982391548,1142,2478,3998.08,0.2314112765287881,17.026468992233276,0.10994234997511577
27,baseline,dp_robust,2016-09-04,2016-09-10,0.063922942206655,0.11581920903954802,0.07953817832559629,1142,2478,3998.08,0.2206990851099591,16.54725193977356,0.10487987607041106
27,baseline,greedy_nominal,2016-09-04,2016-09-10,0.04553415061295972,0.0996771589991929,0.07128421642388347,1142,2478,3998.08,0.1959111798525432,0.0003283023834228,0.0962340208533503
27,baseline,greedy_robust,2016-09-04,2016-09-10,0.05166374781085814,0.09927360774818401,0.06728229550184088,1142,2478,3998.08,0.1916330400932893,0.0004589557647705,0.09235943234510528
27,baseline,hybrid_v2,2016-09-04,2016-09-10,0.08669001751313485,0.15334947538337368,0.12355930846806468,1142,2478,3998.08,0.3242038216560509,13.062646865844728,0.1708543462726772
28,baseline,cpsat_nominal,2016-09-11,2016-09-17,0.060221870047543584,0.11568938193343899,0.08978651363294625,1262,2524,3697.66,0.1736971060913503,0.1922121047973632,0.05800772415791132
28,baseline,cpsat_robust,2016-09-11,2016-09-17,0.060221870047543584,0.10855784469096671,0.08302548097986294,1262,2524,3697.66,0.1593669308792089,0.3724219799041748,0.050809086188242175
28,baseline,dp_nominal,2016-09-11,2016-09-17,0.06576862123613313,0.12123613312202852,0.09519533975541289,1262,2524,3697.66,0.1868003709908495,16.993957996368408,0.06556423786882098
28,baseline,dp_robust,2016-09-11,2016-09-17,0.06418383518225039,0.11291600633914421,0.08762298318395959,1262,2524,3697.66,0.1666528292047716,16.961736917495728,0.05373682286562738
28,baseline,greedy_nominal,2016-09-11,2016-09-17,0.056259904912836764,0.10419968304278922,0.08167327444924628,1262,2524,3697.66,0.1640403906702816,0.000370979309082,0.05984070762749237
28,baseline,greedy_robust,2016-09-11,2016-09-17,0.05150554675118859,0.09469096671949287,0.07274871134717632,1262,2524,3697.66,0.1482538964665217,0.0004510879516601,0.05356292974702884
28,baseline,hybrid_v2,2016-09-11,2016-09-17,0.07210776545166403,0.15530903328050713,0.14035903787800935,1262,2524,3697.66,0.3536745406824147,13.3957359790802,0.1983655074019076
29,baseline,cpsat_nominal,2016-09-18,2016-09-24,0.0535077288941736,0.10265486725663717,0.084998401122309,1682,3390,4847.15,0.1928130139956711,0.1007301807403564,0.09015814673903394
29,baseline,cpsat_robust,2016-09-18,2016-09-24,0.061236623067776455,0.10117994100294986,0.07942811755361398,1682,3390,4847.15,0.1828193964492508,0.1488561630249023,0.08163945544630094
29,baseline,dp_nominal,2016-09-18,2016-09-24,0.059453032104637336,0.10766961651917405,0.08891823030027955,1682,3390,4847.15,0.2037431063974385,17.302008152008057,0.09607348987826446
29,baseline,dp_robust,2016-09-18,2016-09-24,0.06539833531510107,0.10678466076696165,0.08376056032926565,1682,3390,4847.15,0.1900176250188107,16.956244945526123,0.08323296425184905
29,baseline,greedy_nominal,2016-09-18,2016-09-24,0.05291319857312723,0.10265486725663717,0.08417317392694677,1682,3390,4847.15,0.1865092454333873,0.0003609657287597,0.08385437817675012
29,baseline,greedy_robust,2016-09-18,2016-09-24,0.0535077288941736,0.09734513274336283,0.07715874276636787,1682,3390,4847.15,0.1686620944834923,0.0003619194030761,0.07131696174012946
29,baseline,hybrid_v2,2016-09-18,2016-09-24,0.05648038049940547,0.11858407079646018,0.1068669217994079,1682,3390,4847.15,0.2808038075092544,13.060602188110352,0.16221973671279422
30,baseline,cpsat_nominal,2016-09-25,2016-10-01,0.05474452554744526,0.10628907686649504,0.08216028122726601,1370,2719,3931.34,0.1704220206681587,0.3654327392578125,0.06413294380166366
30,baseline,cpsat_robust,2016-09-25,2016-10-01,0.05620437956204379,0.099668995954395,0.07427492915901449,1370,2719,3931.34,0.1655845576973309,0.1847848892211914,0.0659155617429359
30,baseline,dp_nominal,2016-09-25,2016-10-01,0.05693430656934306,0.11290915777859507,0.08673887275076692,1370,2719,3931.34,0.1797970165269556,17.031673192977905,0.06688785874836052
30,baseline,dp_robust,2016-09-25,2016-10-01,0.058394160583941604,0.10628907686649504,0.07936225307401547,1370,2719,3931.34,0.1722922032057706,16.643836975097656,0.06600312633927556
30,baseline,greedy_nominal,2016-09-25,2016-10-01,0.051094890510948905,0.099668995954395,0.07580112633351478,1370,2719,3931.34,0.1675935495307139,0.0003910064697265,0.0679245535763189
30,baseline,greedy_robust,2016-09-25,2016-10-01,0.04817518248175182,0.08826774549466716,0.0661352108950129,1370,2719,3931.34,0.1604724107827523,0.0004780292510986,0.07220466528808513
30,baseline,hybrid_v2,2016-09-25,2016-10-01,0.06642335766423357,0.14269952188304524,0.12896366124527514,1370,2719,3931.34,0.3105105105105105,12.995354890823364,0.16781098862746524
31,baseline,cpsat_nominal,2016-10-02,2016-10-08,0.061633281972265024,0.10858585858585859,0.08337156585613718,1298,2772,4054.14,0.1816527360991907,0.2609021663665771,0.0730668775133321
31,baseline,cpsat_robust,2016-10-02,2016-10-08,0.053929121725731895,0.10317460317460317,0.07646504560769979,1298,2772,4054.14,0.1713707734281584,0.2541360855102539,0.06819617025355523
31,baseline,dp_nominal,2016-10-02,2016-10-08,0.06702619414483821,0.11580086580086581,0.08929144035479782,1298,2772,4054.14,0.1981069142444036,17.111229181289673,0.0823060484435378
31,baseline,dp_robust,2016-10-02,2016-10-08,0.053158705701078585,0.10606060606060606,0.08016496716936268,1298,2772,4054.14,0.1768152733516679,17.094927310943604,0.07075466729106185
31,baseline,greedy_nominal,2016-10-02,2016-10-08,0.0485362095531587,0.09487734487734488,0.07449175410814625,1298,2772,4054.14,0.1676638679879298,0.0004310607910156,0.07278652311058491
31,baseline,greedy_robust,2016-10-02,2016-10-08,0.046224961479198766,0.09271284271284272,0.06931186392181819,1298,2772,4054.14,0.1592628386172383,0.0004732608795166,0.06654999590439559
31,baseline,hybrid_v2,2016-10-02,2016-10-08,0.0662557781201849,0.14502164502164502,0.12678397884631512,1298,2772,4054.14,0.297591743119266,13.04000997543335,0.15257009809762098
32,baseline,cpsat_nominal,2016-10-09,2016-10-15,0.05067064083457526,0.1117967332123412,0.08254823227465427,1342,2755,4106.6900000000005,0.1571144741306157,0.1173958778381347,0.04531774091827449
32,baseline,cpsat_robust,2016-10-09,2016-10-15,0.046199701937406856,0.10381125226860254,0.07548658408596703,1342,2755,4106.6900000000005,0.1453699786030856,0.3370969295501709,0.041558726334483057
32,baseline,dp_nominal,2016-10-09,2016-10-15,0.05588673621460507,0.1176043557168784,0.08741833447374892,1342,2755,4106.6900000000005,0.1625698999098125,17.36220407485962,0.044965544192934095
32,baseline,dp_robust,2016-10-09,2016-10-15,0.05290611028315946,0.1088929219600726,0.07962617095519749,1342,2755,4106.6900000000005,0.1524846200339065,17.06937885284424,0.04359169807383391
32,baseline,greedy_nominal,2016-10-09,2016-10-15,0.044709388971684055,0.10235934664246824,0.0752430789760123,1342,2755,4106.6900000000005,0.1429881084423545,0.0004370212554931,0.040628761799886254
32,baseline,greedy_robust,2016-10-09,2016-10-15,0.045454545454545456,0.0983666061705989,0.07134699721673658,1342,2755,4106.6900000000005,0.1441014208498934,0.0004079341888427,0.04573481467929451
32,baseline,hybrid_v2,2016-10-09,2016-10-15,0.07377049180327869,0.14010889292196008,0.12150904986741146,1342,2755,4106.6900000000005,0.3324607329842932,12.959805965423584,0.1923518400623331
33,baseline,cpsat_nominal,2016-10-16,2016-10-22,0.06307583274273565,0.1050610820244328,0.07717891370099546,1411,2865,4314.65,0.1967095591441929,0.1136372089385986,0.09164847711976011
33,baseline,cpsat_robust,2016-10-16,2016-10-22,0.05598866052445074,0.09738219895287958,0.07161646947029307,1411,2865,4314.65,0.1861392145744976,0.1964662075042724,0.08875701562161803
33,baseline,dp_nominal,2016-10-16,2016-10-22,0.07016300496102056,0.11134380453752181,0.08158251538363483,1411,2865,4314.65,0.2102434828662936,17.330878019332886,0.09889967832877179
33,baseline,dp_robust,2016-10-16,2016-10-22,0.06094968107725018,0.10331588132635253,0.07416592307603166,1411,2865,4314.65,0.1963304276698858,16.926560878753662,0.09301454634353326
33,baseline,greedy_nominal,2016-10-16,2016-10-22,0.057406094968107724,0.09982547993019197,0.07393415456641907,1411,2865,4314.65,0.1885073851822943,0.0004322528839111,0.08868190525210232
33,baseline,greedy_robust,2016-10-16,2016-10-22,0.05386250885896527,0.09354275741710297,0.0674446362972663,1411,2865,4314.65,0.1791853923253977,0.0004618167877197,0.08564263490829474
33,baseline,hybrid_v2,2016-10-16,2016-10-22,0.06874557051736357,0.13647469458987785,0.11982431946971366,1411,2865,4314.65,0.3165859564164648,12.873816967010498,0.18011126182658696
34,baseline,cpsat_nominal,2016-10-23,2016-10-29,0.0654911838790932,0.11138014527845036,0.07651587704448673,1191,2478,3999.17,0.165096029362134,0.0999929904937744,0.053715884083683635
34,baseline,cpsat_robust,2016-10-23,2016-10-29,0.05877413937867338,0.1016949152542373,0.06776406104266636,1191,2478,3999.17,0.1521924206407515,0.1491780281066894,0.05049750538651421
34,baseline,dp_nominal,2016-10-23,2016-10-29,0.07052896725440806,0.11783696529459241,0.08101681098828006,1191,2478,3999.17,0.1727990811455924,17.4438898563385,0.054962115850999985
34,baseline,dp_robust,2016-10-23,2016-10-29,0.06465155331654072,0.10694108151735271,0.0715148393291608,1191,2478,3999.17,0.1583203594686262,16.8974449634552,0.05137927795127348
34,baseline,greedy_nominal,2016-10-23,2016-10-29,0.06213266162888329,0.10371267150928168,0.0710147355576282,1191,2478,3999.17,0.159271780080393,0.0003840923309326,0.05555910857111132
34,baseline,greedy_robust,2016-10-23,2016-10-29,0.05289672544080604,0.09281678773204197,0.062012867670041535,1191,2478,3999.17,0.1446918752920204,0.0004758834838867,0.05187508755997844
34,baseline,hybrid_v2,2016-10-23,2016-10-29,0.060453400503778336,0.1509281678773204,0.12477589099738196,1191,2478,3999.17,0.313312693498452,12.635887861251833,0.16238452562113156
35,baseline,cpsat_nominal,2016-10-30,2016-11-05,0.06018916595012898,0.1188075405523893,0.08461678415788972,1163,2281,3462.67,0.1795138184482826,0.1567471027374267,0.06070627789589329
35,baseline,cpsat_robust,2016-10-30,2016-11-05,0.05331040412725709,0.10214818062253397,0.07306500475066928,1163,2281,3462.67,0.160826879369176,0.1741149425506591,0.05867869874664203
35,baseline,dp_nominal,2016-10-30,2016-11-05,0.06534823731728288,0.12538360368259535,0.08894870143559738,1163,2281,3462.67,0.1868000297764024,17.202439785003662,0.06141642609380704
35,baseline,dp_robust,2016-10-30,2016-11-05,0.05760963026655202,0.11003945637878124,0.07826330548391848,1163,2281,3462.67,0.1696617189507928,16.80817198753357,0.05962226257201156
35,baseline,greedy_nominal,2016-10-30,2016-11-05,0.06018916595012898,0.11047786058746165,0.07826330548391848,1163,2281,3462.67,0.1692262494138405,0.000356912612915,0.05874838882637887
35,baseline,greedy_robust,2016-10-30,2016-11-05,0.05331040412725709,0.09820254274441034,0.06988826541368366,1163,2281,3462.67,0.1609032235644376,0.0004169940948486,0.06270068082002725
35,baseline,hybrid_v2,2016-10-30,2016-11-05,0.07738607050730868,0.16659359929855327,0.14381965361989446,1163,2281,3462.67,0.3933021806853582,12.73106575012207,0.22670858138680494
36,baseline,cpsat_nominal,2016-11-06,2016-11-12,0.06067961165048544,0.11871069182389937,0.09130280855957176,1236,2544,3756.7299999999996,0.1973634164780351,0.0913891792297363,0.07865272465413573
36,baseline,cpsat_robust,2016-11-06,2016-11-12,0.05339805825242718,0.10849056603773585,0.08278476227996157,1236,2544,3756.7299999999996,0.178363539494878,0.1023480892181396,0.06987297345714213
36,baseline,dp_nominal,2016-11-06,2016-11-12,0.06310679611650485,0.12224842767295598,0.09396469802194996,1236,2544,3756.7299999999996,0.2062022244325914,16.994590282440186,0.08395379675963542
36,baseline,dp_robust,2016-11-06,2016-11-12,0.05825242718446602,0.11360062893081761,0.08624521858105322,1236,2544,3756.7299999999996,0.1894292832409648,16.85991597175598,0.0758286543101472
36,baseline,greedy_nominal,2016-11-06,2016-11-12,0.05906148867313916,0.11674528301886793,0.08864091909719359,1236,2544,3756.7299999999996,0.1922390356169441,0.0004563331604003,0.07549375259807618
36,baseline,greedy_robust,2016-11-06,2016-11-12,0.04692556634304207,0.10220125786163523,0.07772717230144302,1236,2544,3756.7299999999996,0.1672502728963868,0.0004107952117919,0.06504901503475158
36,baseline,hybrid_v2,2016-11-06,2016-11-12,0.07686084142394822,0.15683962264150944,0.13682111836623875,1236,2544,3756.7299999999996,0.351663272233537,12.76644492149353,0.19482364959202755
37,baseline,cpsat_nominal,2016-11-13,2016-11-19,0.05895522388059701,0.11498516320474778,0.0832776077699251,1340,2696,4022.69,0.1895566672966898,0.1188979148864746,0.07457150409194202
37,baseline,cpsat_robust,2016-11-13,2016-11-19,0.05522388059701493,0.10385756676557864,0.07482555205596256,1340,2696,4022.69,0.1790859524482589,0.3032357692718506,0.07522838568268025
37,baseline,dp_nominal,2016-11-13,2016-11-19,0.06194029850746269,0.11869436201780416,0.08551491663538577,1340,2696,4022.69,0.1990994976843981,17.236559867858887,0.08040513566659395
37,baseline,dp_robust,2016-11-13,2016-11-19,0.05970149253731343,0.10942136498516321,0.07880299003900375,1340,2696,4022.69,0.1849055497431686,16.79604721069336,0.0754841847580054
37,baseline,greedy_nominal,2016-11-13,2016-11-19,0.05522388059701493,0.10719584569732937,0.07681427104748315,1340,2696,4022.69,0.1837672315564486,0.0003800392150878,0.07657138585911924
37,baseline,greedy_robust,2016-11-13,2016-11-19,0.05223880597014925,0.09718100890207715,0.0703509343250412,1340,2696,4022.69,0.1742592508327525,0.0004541873931884,0.07707824193067536
37,baseline,hybrid_v2,2016-11-13,2016-11-19,0.06865671641791045,0.14391691394658754,0.12553788633973784,1340,2696,4022.69,0.3604410751206064,12.903313159942629,0.21652416117401888
38,baseline,cpsat_nominal,2016-11-20,2016-11-26,0.059375,0.11414296694850115,0.0855139840515096,1280,2602,3777.16,0.2011320460394826,0.1018471717834472,0.08698907909098144
38,baseline,cpsat_robust,2016-11-20,2016-11-26,0.05,0.10261337432744043,0.07704201039934766,1280,2602,3777.16,0.1880407005346086,0.0955100059509277,0.08542732620716818
38,baseline,dp_nominal,2016-11-20,2016-11-26,0.06015625,0.11798616448885473,0.08869097417107033,1280,2602,3777.16,0.2064177827224295,17.234195232391357,0.08843161823357477
38,baseline,dp_robust,2016-11-20,2016-11-26,0.05234375,0.10722521137586472,0.08021900051890839,1280,2602,3777.16,0.1936852569561579,16.86685609817505,0.08646004558029319
38,baseline,greedy_nominal,2016-11-20,2016-11-26,0.05234375,0.10453497309761722,0.07783625792923785,1280,2602,3777.16,0.1909620936825762,0.0003619194030761,0.08642712058495897
38,baseline,greedy_robust,2016-11-20,2016-11-26,0.04453125,0.09262106072252113,0.06962903345370597,1280,2602,3777.16,0.1791390191125302,0.0004899501800537,0.08651795839000906
38,baseline,hybrid_v2,2016-11-20,2016-11-26,0.06484375,0.14565718677940045,0.1291975981954696,1280,2602,3777.16,0.3418862690707351,12.778185844421388,0.19622908229133465
39,baseline,cpsat_nominal,2016-11-27,2016-12-03,0.06170052671181339,0.11429608127721336,0.07649692050858466,1329,2756,4588.42,0.1984820699899437,0.1018886566162109,0.08418598871273034
39,baseline,cpsat_robust,2016-11-27,2016-12-03,0.04815650865312265,0.10304789550072568,0.06865108250770417,1329,2756,4588.42,0.1836817334615498,0.1608099937438964,0.08063383796082413
39,baseline,dp_nominal,2016-11-27,2016-12-03,0.06471030850263355,0.11901306240928883,0.07998395962008709,1329,2756,4588.42,0.2064355344958904,17.34809708595276,0.08742247208660156
39,baseline,dp_robust,2016-11-27,2016-12-03,0.05417607223476298,0.10957910014513789,0.07279194145261332,1329,2756,4588.42,0.19600755295327,16.95485210418701,0.0864284528081321
39,baseline,greedy_nominal,2016-11-27,2016-12-03,0.05191873589164785,0.10377358490566038,0.06995872217451758,1329,2756,4588.42,0.1840926790312254,0.0004050731658935,0.08031909412556501
39,baseline,greedy_robust,2016-11-27,2016-12-03,0.04815650865312265,0.09179970972423802,0.06189494422916821,1329,2756,4588.42,0.169813870155478,0.0004827976226806,0.07801416043123997
39,baseline,hybrid_v2,2016-11-27,2016-12-03,0.060948081264108354,0.15312046444121916,0.11834138984661387,1329,2756,4588.42,0.3625730994152046,12.879937887191772,0.20945263497398545
40,baseline,cpsat_nominal,2016-12-04,2016-12-10,0.05727762803234501,0.10526315789473684,0.07526224187402983,1484,3116,4889.57,0.1950537551797733,0.1845197677612304,0.08979059728503647
40,baseline,cpsat_robust,2016-12-04,2016-12-10,0.04649595687331536,0.09563543003851091,0.06892221606398927,1484,3116,4889.57,0.1807430582165335,0.3552279472351074,0.08510762817802259
40,baseline,dp_nominal,2016-12-04,2016-12-10,0.06064690026954178,0.110397946084724,0.07873903022147143,1484,3116,4889.57,0.2037844189145052,17.336621046066284,0.09338647282978119
40,baseline,dp_robust,2016-12-04,2016-12-10,0.0545822102425876,0.10333761232349166,0.07383062314273035,1484,3116,4889.57,0.1903019695432893,17.103224992752075,0.08696435721979763
40,baseline,greedy_nominal,2016-12-04,2016-12-10,0.05525606469002695,0.09980744544287548,0.07096738568013139,1484,3116,4889.57,0.1832963697610768,0.0004470348358154,0.08348892431820132
40,baseline,greedy_robust,2016-12-04,2016-12-10,0.04784366576819407,0.08985879332477535,0.06524091075493346,1484,3116,4889.57,0.1670600085981221,0.000399112701416,0.07720121527334674
40,baseline,hybrid_v2,2016-12-04,2016-12-10,0.06266846361185983,0.13222079589216945,0.10818947269391788,1484,3116,4889.57,0.3187011425135297,12.865652084350586,0.18648034662136026
41,baseline,cpsat_nominal,2016-12-11,2016-12-17,0.04964539007092199,0.10675837320574162,0.07252119562779431,1551,3344,5350.16,0.184098887179554,0.1106507778167724,0.07734051397381238
41,baseline,cpsat_robust,2016-12-11,2016-12-17,0.038039974210186976,0.09958133971291866,0.06859607936958895,1551,3344,5350.16,0.1747016950555446,0.1915311813354492,0.07512035534262593
41,baseline,dp_nominal,2016-12-11,2016-12-17,0.05222437137330754,0.11273923444976076,0.07738086337604858,1551,3344,5350.16,0.1944843640825548,17.232362985610962,0.08174512963279403
41,baseline,dp_robust,2016-12-11,2016-12-17,0.047066408768536426,0.1076555023923445,0.0727081059258041,1551,3344,5350.16,0.1846785310227549,17.122337102890015,0.07702302863041038
41,baseline,greedy_nominal,2016-12-11,2016-12-17,0.047066408768536426,0.10616028708133972,0.0717735544357552,1551,3344,5350.16,0.1760777543931596,0.0004479885101318,0.06991746731181987
41,baseline,greedy_robust,2016-12-11,2016-12-17,0.03417150225660864,0.09419856459330143,0.06448405281337381,1551,3344,5350.16,0.1641451978158263,0.0004010200500488,0.06994663322252485
41,baseline,hybrid_v2,2016-12-11,2016-12-17,0.05415860735009671,0.12320574162679426,0.1013053815213003,1551,3344,5350.16,0.2853496681980602,12.85905408859253,0.16214392657126592
42,baseline,cpsat_nominal,2016-12-18,2016-12-24,0.055445544554455446,0.11609498680738786,0.09208515168143719,1515,3032,4246.07,0.1693636163651075,0.1234200000762939,0.05326862955771963
42,baseline,cpsat_robust,2016-12-18,2016-12-24,0.050165016501650166,0.10620052770448549,0.08290018770298183,1515,3032,4246.07,0.1575512237098603,0.1822237968444824,0.05135069600537481
42,baseline,dp_nominal,2016-12-18,2016-12-24,0.058085808580858087,0.12005277044854881,0.09514680634092232,1515,3032,4246.07,0.1779151985632402,17.38145112991333,0.05786242811469139
42,baseline,dp_robust,2016-12-18,2016-12-24,0.05214521452145215,0.11180738786279683,0.0871394018468843,1515,3032,4246.07,0.1662755992755843,17.007480144500732,0.05446821141278747
42,baseline,greedy_nominal,2016-12-18,2016-12-24,0.04950495049504951,0.11081794195250659,0.08596184236246694,1515,3032,4246.07,0.1686270237056928,0.0003750324249267,0.057809081753186206
42,baseline,greedy_robust,2016-12-18,2016-12-24,0.048184818481848184,0.09861477572559367,0.07677687838401158,1515,3032,4246.07,0.1513896083205943,0.000385046005249,0.05277483259500064
42,baseline,hybrid_v2,2016-12-18,2016-12-24,0.05676567656765676,0.13060686015831136,0.11775594844173554,1515,3032,4246.07,0.2766524520255863,12.776301145553589,0.14604559186727495
